latitude,longitude,elevation,utc_offset_seconds,timezone,timezone_abbreviation
-15.5,-70.1,3828.0,-18000,America/Lima,GMT-5

time,pm10 (μg/m³),pm2_5 (μg/m³),european_aqi (EAQI),us_aqi (USAQI)
2026-05-28T00:00,16.9,16.0,17,46
2026-05-28T01:00,18.7,17.6,17,46
2026-05-28T02:00,19.9,18.5,17,47
2026-05-28T03:00,20.4,18.6,17,47
2026-05-28T04:00,18.7,16.9,17,46
2026-05-28T05:00,15.3,13.7,16,46
2026-05-28T06:00,13.4,11.8,16,46
2026-05-28T07:00,9.1,6.3,16,45
2026-05-28T08:00,14.4,7.9,17,47
2026-05-28T09:00,16.2,7.2,22,48
2026-05-28T10:00,13.7,6.4,28,50
2026-05-28T11:00,11.6,6.6,32,50
2026-05-28T12:00,10.1,6.2,33,51
2026-05-28T13:00,8.0,5.0,34,51
2026-05-28T14:00,6.5,4.1,35,52
2026-05-28T15:00,5.2,3.3,34,52
2026-05-28T16:00,4.3,2.9,32,52
2026-05-28T17:00,4.0,2.8,29,52
2026-05-28T18:00,4.8,3.9,24,52
2026-05-28T19:00,10.0,8.0,21,53
2026-05-28T20:00,10.2,7.7,20,52
2026-05-28T21:00,10.6,7.8,22,51
2026-05-28T22:00,10.8,8.0,22,51
2026-05-28T23:00,11.7,8.3,21,50
2026-05-29T00:00,13.6,8.9,19,50
2026-05-29T01:00,15.8,9.5,17,48
2026-05-29T02:00,18.3,10.7,17,46
2026-05-29T03:00,20.5,11.9,16,45
2026-05-29T04:00,22.2,12.7,15,43
2026-05-29T05:00,23.4,13.0,15,42
2026-05-29T06:00,22.8,13.0,15,42
2026-05-29T07:00,4.5,3.4,15,42
2026-05-29T08:00,10.0,5.1,16,41
2026-05-29T09:00,13.1,3.9,24,41
2026-05-29T10:00,11.1,3.4,30,40
2026-05-29T11:00,8.4,3.1,33,39
2026-05-29T12:00,6.0,2.4,35,39
2026-05-29T13:00,4.4,2.1,36,38
2026-05-29T14:00,3.8,1.9,36,37
2026-05-29T15:00,3.4,1.8,36,37
2026-05-29T16:00,3.1,1.8,35,36
2026-05-29T17:00,3.1,1.9,32,38
2026-05-29T18:00,4.0,3.0,28,39
2026-05-29T19:00,11.9,7.6,25,39
2026-05-29T20:00,10.7,7.0,24,38
2026-05-29T21:00,10.4,6.9,22,36
2026-05-29T22:00,11.2,7.3,21,35
2026-05-29T23:00,11.8,7.7,20,35
2026-05-30T00:00,11.9,7.4,19,35
2026-05-30T01:00,12.4,7.4,17,34
2026-05-30T02:00,13.1,7.9,14,34
2026-05-30T03:00,14.5,9.1,12,33
2026-05-30T04:00,15.8,9.6,12,33
2026-05-30T05:00,17.5,10.2,11,32
2026-05-30T06:00,19.5,10.8,11,31
2026-05-30T07:00,2.5,2.0,11,31
2026-05-30T08:00,7.4,2.7,16,30
2026-05-30T09:00,10.1,2.8,26,30
2026-05-30T10:00,6.6,2.1,33,30
2026-05-30T11:00,4.3,1.7,36,29
2026-05-30T12:00,3.3,1.5,36,29
2026-05-30T13:00,2.8,1.4,35,29
2026-05-30T14:00,2.4,1.4,35,29
2026-05-30T15:00,2.1,1.3,35,33
2026-05-30T16:00,1.9,1.3,34,36
2026-05-30T17:00,1.7,1.4,31,39
2026-05-30T18:00,2.8,2.4,28,40
2026-05-30T19:00,15.0,8.8,24,39
2026-05-30T20:00,14.5,9.2,21,37
2026-05-30T21:00,12.9,8.6,17,35
2026-05-30T22:00,11.7,7.8,13,33
2026-05-30T23:00,10.9,7.0,11,29
2026-05-31T00:00,11.0,6.6,10,29
2026-05-31T01:00,11.3,6.4,10,29
2026-05-31T02:00,11.9,6.3,10,29
2026-05-31T03:00,12.4,6.2,10,28
2026-05-31T04:00,12.9,6.2,10,28
2026-05-31T05:00,13.5,6.3,10,27
2026-05-31T06:00,14.5,6.5,9,26
2026-05-31T07:00,22.9,10.2,9,25
2026-05-31T08:00,20.2,7.9,14,27
2026-05-31T09:00,18.6,6.6,21,28
2026-05-31T10:00,13.7,5.2,26,29
2026-05-31T11:00,9.4,4.1,28,30
2026-05-31T12:00,7.6,3.6,29,30
2026-05-31T13:00,6.8,3.4,29,31
2026-05-31T14:00,6.2,3.3,30,31
2026-05-31T15:00,5.7,3.3,30,32
2026-05-31T16:00,5.3,3.2,29,32
2026-05-31T17:00,5.1,3.3,28,33
2026-05-31T18:00,5.1,3.5,27,33
2026-05-31T19:00,23.5,13.7,25,33
2026-05-31T20:00,22.6,13.8,22,34
2026-05-31T21:00,23.3,15.3,17,35
2026-05-31T22:00,24.5,17.5,13,37
2026-05-31T23:00,24.2,18.1,14,39
2026-06-01T00:00,22.8,17.5,15,42
2026-06-01T01:00,21.4,16.3,16,44
2026-06-01T02:00,20.1,14.8,17,47
2026-06-01T03:00,19.1,13.4,17,49
2026-06-01T04:00,17.9,12.1,18,50
2026-06-01T05:00,16.9,11.1,19,51
2026-06-01T06:00,16.3,10.4,19,51
2026-06-01T07:00,2.2,1.6,19,51
2026-06-01T08:00,6.8,2.6,19,51
2026-06-01T09:00,9.5,3.1,18,50
2026-06-01T10:00,9.3,2.9,24,50
2026-06-01T11:00,8.5,3.2,28,49
2026-06-01T12:00,10.5,4.4,31,49
2026-06-01T13:00,10.5,4.5,32,49
2026-06-01T14:00,10.2,4.5,34,49
2026-06-01T15:00,9.9,4.5,34,50
2026-06-01T16:00,9.7,4.5,34,50
2026-06-01T17:00,9.2,4.5,32,50
2026-06-01T18:00,7.9,4.9,29,50
2026-06-01T19:00,21.2,12.7,26,50
2026-06-01T20:00,17.5,12.2,25,50
2026-06-01T21:00,16.0,11.6,24,50
2026-06-01T22:00,15.4,11.3,22,49
2026-06-01T23:00,15.4,11.5,20,48
2026-06-02T00:00,15.9,12.1,18,46
2026-06-02T01:00,16.1,12.3,16,45
2026-06-02T02:00,16.2,12.3,16,44
2026-06-02T03:00,17.1,12.7,16,44
2026-06-02T04:00,19.2,14.2,16,43
2026-06-02T05:00,21.2,15.4,16,44
2026-06-02T06:00,24.3,16.0,16,45
2026-06-02T07:00,5.2,3.5,17,46
2026-06-02T08:00,14.0,6.4,17,47
2026-06-02T09:00,17.5,5.5,22,47
2026-06-02T10:00,16.1,4.8,27,48
2026-06-02T11:00,15.2,5.2,31,48
2026-06-02T12:00,17.5,6.5,33,49
2026-06-02T13:00,16.4,6.5,35,49
2026-06-02T14:00,14.2,6.0,36,50
2026-06-02T15:00,12.6,5.7,36,50
2026-06-02T16:00,11.6,5.6,35,50
2026-06-02T17:00,11.5,5.9,33,50
2026-06-02T18:00,12.0,6.8,30,50
2026-06-02T19:00,27.4,13.6,25,51
2026-06-02T20:00,25.3,13.0,23,51
2026-06-02T21:00,23.9,12.8,20,51
2026-06-02T22:00,23.5,13.4,19,51
2026-06-02T23:00,23.2,14.2,19,51
2026-06-03T00:00,22.1,13.9,19,51
2026-06-03T01:00,21.4,13.4,19,51
2026-06-03T02:00,21.2,13.1,19,51
2026-06-03T03:00,21.3,13.0,20,51
2026-06-03T04:00,21.0,12.6,20,51
2026-06-03T05:00,22.8,12.7,19,51
2026-06-03T06:00,24.9,13.2,19,51
2026-06-03T07:00,6.2,3.1,19,51
2026-06-03T08:00,12.4,5.1,19,51
2026-06-03T09:00,12.7,4.1,20,51
2026-06-03T10:00,8.9,2.6,25,51
2026-06-03T11:00,5.6,1.9,29,50
2026-06-03T12:00,8.0,3.5,32,50
2026-06-03T13:00,9.6,4.5,35,50
2026-06-03T14:00,9.1,4.5,36,49
2026-06-03T15:00,8.4,4.3,36,49
2026-06-03T16:00,7.9,4.2,34,49
2026-06-03T17:00,7.5,4.3,32,48
2026-06-03T18:00,6.9,4.4,28,48
2026-06-03T19:00,14.8,9.1,24,48
2026-06-03T20:00,10.9,7.1,23,47
2026-06-03T21:00,9.0,6.0,21,45
2026-06-03T22:00,8.3,5.7,20,44
2026-06-03T23:00,8.4,5.9,19,42
2026-06-04T00:00,9.1,6.5,18,40
2026-06-04T01:00,9.6,6.9,18,38
2026-06-04T02:00,11.8,8.9,16,37
2026-06-04T03:00,14.1,10.8,14,36
2026-06-04T04:00,15.7,12.1,13,35
2026-06-04T05:00,17.5,13.7,13,35
2026-06-04T06:00,18.9,14.9,13,35
2026-06-04T07:00,3.5,3.5,13,36
2026-06-04T08:00,2.6,2.6,16,36
2026-06-04T09:00,1.5,1.3,22,35
2026-06-04T10:00,1.7,1.1,27,35
2026-06-04T11:00,2.5,1.4,31,34
2026-06-04T12:00,2.7,1.5,35,34
2026-06-04T13:00,2.6,1.5,38,34
2026-06-04T14:00,2.5,1.6,39,33
2026-06-04T15:00,2.6,1.7,40,32
2026-06-04T16:00,2.8,1.8,38,36
2026-06-04T17:00,3.0,2.1,35,39
2026-06-04T18:00,2.9,2.2,31,41
2026-06-04T19:00,1.7,1.3,26,42
2026-06-04T20:00,1.5,1.1,24,41
2026-06-04T21:00,2.1,1.3,22,39
2026-06-04T22:00,2.8,1.5,19,37
2026-06-04T23:00,4.0,2.1,17,34
2026-06-05T00:00,6.6,3.3,15,31
2026-06-05T01:00,10.3,5.2,13,27
2026-06-05T02:00,13.7,6.7,10,24
2026-06-05T03:00,16.6,7.9,8,22
2026-06-05T04:00,18.2,8.8,9,22
2026-06-05T05:00,19.2,9.1,8,21
2026-06-05T06:00,21.2,9.3,7,20
2026-06-05T07:00,15.1,6.5,10,18
2026-06-05T08:00,20.3,7.5,17,19
2026-06-05T09:00,21.5,5.9,26,20
2026-06-05T10:00,14.4,3.9,33,21
2026-06-05T11:00,8.3,2.2,36,22
2026-06-05T12:00,6.0,1.9,38,22
2026-06-05T13:00,5.1,1.9,38,25
2026-06-05T14:00,4.4,1.8,38,30
2026-06-05T15:00,3.8,1.8,38,34
2026-06-05T16:00,3.4,1.7,36,38
2026-06-05T17:00,3.2,1.8,34,41
2026-06-05T18:00,3.0,2.0,30,42
2026-06-05T19:00,15.8,6.8,27,42
2026-06-05T20:00,13.8,6.2,27,40
2026-06-05T21:00,13.4,6.2,28,39
2026-06-05T22:00,13.5,6.4,28,37
2026-06-05T23:00,13.7,6.9,25,36
2026-06-06T00:00,15.1,8.5,22,34
2026-06-06T01:00,16.4,10.0,18,32
2026-06-06T02:00,17.3,11.1,15,30
2026-06-06T03:00,18.4,12.2,13,32
2026-06-06T04:00,20.0,13.7,13,33
2026-06-06T05:00,21.1,14.5,13,34
2026-06-06T06:00,22.6,15.3,13,35
2026-06-06T07:00,5.7,5.7,13,36
2026-06-06T08:00,7.5,6.4,16,36
2026-06-06T09:00,4.9,3.3,25,36
2026-06-06T10:00,2.9,2.0,33,35
2026-06-06T11:00,3.4,1.8,36,35
2026-06-06T12:00,5.1,2.4,38,35
2026-06-06T13:00,5.6,2.7,39,35
2026-06-06T14:00,6.1,3.0,40,35
2026-06-06T15:00,7.2,3.4,40,35
2026-06-06T16:00,8.4,3.9,39,39
2026-06-06T17:00,10.2,4.6,35,42
2026-06-06T18:00,9.3,5.2,30,43
2026-06-06T19:00,26.8,13.6,25,43
2026-06-06T20:00,24.7,12.4,23,41
2026-06-06T21:00,25.3,12.3,20,41
2026-06-06T22:00,26.1,12.4,18,42
2026-06-06T23:00,26.0,12.3,16,43
2026-06-07T00:00,24.9,12.0,16,45
2026-06-07T01:00,23.7,11.6,16,45
2026-06-07T02:00,22.6,11.0,16,46
2026-06-07T03:00,21.8,10.7,16,46
2026-06-07T04:00,18.7,10.1,16,45
2026-06-07T05:00,17.4,9.3,16,45
2026-06-07T06:00,4.7,2.4,16,43
2026-06-07T07:00,10.7,4.6,15,40
2026-06-07T08:00,11.9,4.5,16,40
2026-06-07T09:00,21.7,6.2,25,40
2026-06-07T10:00,19.1,5.6,32,40
2026-06-07T11:00,17.5,5.1,35,41
2026-06-07T12:00,18.0,5.3,36,42
2026-06-07T13:00,15.8,4.8,36,43
2026-06-07T14:00,12.1,3.8,36,43
2026-06-07T15:00,7.7,2.7,36,43
2026-06-07T16:00,5.1,2.0,34,43
2026-06-07T17:00,3.4,1.5,31,43
2026-06-07T18:00,2.8,1.6,27,42
2026-06-07T19:00,23.9,9.1,24,41
2026-06-07T20:00,18.5,8.0,21,40
2026-06-07T21:00,15.9,7.3,17,39
2026-06-07T22:00,14.8,7.1,16,38
2026-06-07T23:00,14.4,7.0,16,37
2026-06-08T00:00,14.2,6.7,15,35
2026-06-08T01:00,14.8,6.6,15,34
2026-06-08T02:00,15.7,6.6,14,33
2026-06-08T03:00,15.8,6.8,14,32
2026-06-08T04:00,16.0,7.6,14,31
2026-06-08T05:00,16.9,8.0,14,31
2026-06-08T06:00,17.0,8.4,14,30
2026-06-08T07:00,3.2,1.6,14,32
2026-06-08T08:00,9.8,3.0,14,31
2026-06-08T09:00,15.7,4.1,21,31
2026-06-08T10:00,17.8,4.7,27,30
2026-06-08T11:00,17.9,5.0,31,30
2026-06-08T12:00,20.0,5.7,34,30
2026-06-08T13:00,20.0,5.8,36,30
2026-06-08T14:00,18.7,5.7,37,30
2026-06-08T15:00,15.7,5.0,36,31
2026-06-08T16:00,12.1,4.0,35,34
2026-06-08T17:00,8.7,3.2,32,37
2026-06-08T18:00,9.5,4.3,28,39
2026-06-08T19:00,20.3,8.8,24,39
2026-06-08T20:00,20.3,9.4,21,38
2026-06-08T21:00,18.5,9.3,16,36
2026-06-08T22:00,17.2,8.9,15,33
2026-06-08T23:00,16.8,8.1,15,34
2026-06-09T00:00,16.7,7.3,16,34
2026-06-09T01:00,18.5,6.8,16,34
2026-06-09T02:00,21.8,6.9,16,34
2026-06-09T03:00,22.6,6.8,16,34
2026-06-09T04:00,25.3,7.1,16,34
2026-06-09T05:00,31.2,7.7,17,34
2026-06-09T06:00,35.6,8.3,17,34
2026-06-09T07:00,37.6,8.7,18,34
2026-06-09T08:00,42.1,9.2,20,36
2026-06-09T09:00,40.9,8.8,25,37
2026-06-09T10:00,32.4,7.5,31,38
2026-06-09T11:00,26.0,6.4,33,39
2026-06-09T12:00,18.0,4.7,33,39
2026-06-09T13:00,12.3,3.3,33,39
2026-06-09T14:00,8.3,2.4,33,38
2026-06-09T15:00,6.1,1.8,32,38
2026-06-09T16:00,6.9,1.8,31,37
2026-06-09T17:00,8.8,1.9,30,36
2026-06-09T18:00,9.9,2.0,29,37
2026-06-09T19:00,12.7,2.4,28,37
2026-06-09T20:00,12.5,2.3,28,36
2026-06-09T21:00,13.4,2.3,27,35
2026-06-09T22:00,14.9,2.6,26,34
2026-06-09T23:00,16.4,2.8,25,33
2026-06-10T00:00,17.6,3.1,24,32
2026-06-10T01:00,18.7,3.3,24,31
2026-06-10T02:00,19.7,3.6,23,31
2026-06-10T03:00,20.7,3.7,23,30
2026-06-10T04:00,21.8,3.9,23,29
2026-06-10T05:00,23.2,4.2,22,28
2026-06-10T06:00,24.3,4.6,20,28
2026-06-10T07:00,30.2,6.1,19,27
2026-06-10T08:00,26.2,5.4,21,26
2026-06-10T09:00,20.3,4.3,26,25
2026-06-10T10:00,15.0,3.6,29,26
2026-06-10T11:00,12.0,3.2,32,26
2026-06-10T12:00,9.9,2.8,33,28
2026-06-10T13:00,7.9,2.3,34,29
2026-06-10T14:00,5.9,1.7,34,31
2026-06-10T15:00,4.0,1.2,32,33
2026-06-10T16:00,2.3,0.7,30,35
2026-06-10T17:00,1.9,0.6,27,36
2026-06-10T18:00,2.3,1.1,23,36
2026-06-10T19:00,13.6,3.8,21,35
2026-06-10T20:00,14.8,4.0,21,34
2026-06-10T21:00,16.5,4.4,20,32
2026-06-10T22:00,18.7,5.1,19,30
2026-06-10T23:00,21.1,5.8,17,28
2026-06-11T00:00,23.2,6.4,15,26
2026-06-11T01:00,24.9,6.9,16,24
2026-06-11T02:00,25.7,7.2,16,22
2026-06-11T03:00,26.8,7.7,16,22
2026-06-11T04:00,28.1,7.8,16,22
2026-06-11T05:00,30.3,8.0,17,23
2026-06-11T06:00,30.0,8.1,17,24
2026-06-11T07:00,15.0,4.5,17,25
2026-06-11T08:00,20.5,5.5,17,25
2026-06-11T09:00,27.5,6.4,22,25
2026-06-11T10:00,26.7,6.8,27,25
2026-06-11T11:00,20.8,5.8,30,26
2026-06-11T12:00,14.8,4.4,33,27
2026-06-11T13:00,11.1,3.5,34,27
2026-06-11T14:00,7.2,2.4,35,27
2026-06-11T15:00,3.8,1.3,36,30
2026-06-11T16:00,2.7,0.8,34,34
2026-06-11T17:00,3.1,0.9,31,36
2026-06-11T18:00,4.4,1.5,27,38
2026-06-11T19:00,12.4,4.4,22,38
2026-06-11T20:00,14.5,5.0,21,37
2026-06-11T21:00,16.2,5.6,18,35
2026-06-11T22:00,17.7,6.4,18,33
2026-06-11T23:00,18.9,7.1,18,30
2026-06-12T00:00,19.7,7.4,18,29
2026-06-12T01:00,20.1,7.4,18,29
2026-06-12T02:00,20.8,7.4,17,29
2026-06-12T03:00,21.6,7.3,17,29
2026-06-12T04:00,22.1,7.2,17,29
2026-06-12T05:00,23.1,7.1,17,29
2026-06-12T06:00,12.8,4.3,16,29
2026-06-12T07:00,3.1,1.8,16,28
2026-06-12T08:00,11.3,3.3,16,27
2026-06-12T09:00,14.3,3.7,24,27
2026-06-12T10:00,18.1,4.4,30,26
2026-06-12T11:00,17.2,4.9,34,26
2026-06-12T12:00,12.7,4.2,36,25
2026-06-12T13:00,9.4,3.4,38,25
2026-06-12T14:00,7.5,2.8,40,28
2026-06-12T15:00,6.3,2.4,41,33
2026-06-12T16:00,5.7,2.2,40,37
2026-06-12T17:00,5.7,2.7,37,41
2026-06-12T18:00,8.3,4.3,32,43
2026-06-12T19:00,38.3,15.7,28,43
2026-06-12T20:00,37.8,15.9,26,42
2026-06-12T21:00,36.6,15.7,24,41
2026-06-12T22:00,33.5,15.4,20,39
2026-06-12T23:00,29.9,14.7,18,37
2026-06-13T00:00,26.4,13.7,18,38
2026-06-13T01:00,23.1,12.5,18,40
2026-06-13T02:00,20.7,11.6,19,41
2026-06-13T03:00,19.5,10.8,19,42
2026-06-13T04:00,20.1,10.3,18,43
2026-06-13T05:00,21.2,10.0,18,43
2026-06-13T06:00,22.5,10.1,18,44
2026-06-13T07:00,0.3,0.2,19,45
2026-06-13T08:00,5.1,1.4,19,45
2026-06-13T09:00,8.8,2.1,23,45
2026-06-13T10:00,12.1,3.3,30,44
2026-06-13T11:00,12.7,4.1,34,44
2026-06-13T12:00,11.2,3.8,38,44
2026-06-13T13:00,10.6,3.7,42,44
2026-06-13T14:00,8.5,3.1,43,44
2026-06-13T15:00,7.0,2.7,43,44
2026-06-13T16:00,6.2,2.5,41,44
2026-06-13T17:00,5.7,2.9,38,44
2026-06-13T18:00,7.1,3.8,34,44
2026-06-13T19:00,22.0,10.7,31,45
2026-06-13T20:00,20.8,10.5,31,45
2026-06-13T21:00,19.7,10.4,32,43
2026-06-13T22:00,18.7,10.3,30,42
2026-06-13T23:00,18.2,10.4,28,40
2026-06-14T00:00,18.0,10.7,24,38
2026-06-14T01:00,18.6,11.9,20,37
2026-06-14T02:00,18.7,12.7,16,37
2026-06-14T03:00,18.9,12.9,14,38
2026-06-14T04:00,19.4,13.4,14,38
2026-06-14T05:00,20.4,13.6,14,39
2026-06-14T06:00,21.5,14.1,14,40
2026-06-14T07:00,3.2,3.2,17,41
2026-06-14T08:00,4.5,3.9,20,41
2026-06-14T09:00,3.8,2.9,25,42
2026-06-14T10:00,3.0,2.0,30,42
2026-06-14T11:00,2.3,1.7,34,42
2026-06-14T12:00,2.6,1.7,37,41
2026-06-14T13:00,4.5,2.6,40,41
2026-06-14T14:00,4.8,2.7,41,40
2026-06-14T15:00,4.4,2.5,40,40
2026-06-14T16:00,4.0,2.4,39,40
2026-06-14T17:00,3.8,2.4,36,41
2026-06-14T18:00,2.9,2.1,32,43
2026-06-14T19:00,1.3,1.0,28,43
2026-06-14T20:00,1.5,1.1,26,42
2026-06-14T21:00,1.7,1.3,24,41
2026-06-14T22:00,1.8,1.5,22,39
2026-06-14T23:00,2.6,2.2,19,36
2026-06-15T00:00,3.6,3.2,16,33
2026-06-15T01:00,4.2,3.8,13,30
2026-06-15T02:00,4.8,4.2,11,26
2026-06-15T03:00,5.4,4.7,10,24
2026-06-15T04:00,6.6,5.7,9,22
2026-06-15T05:00,8.0,6.6,9,20
2026-06-15T06:00,9.6,7.5,8,18
2026-06-15T07:00,7.8,5.0,7,17
2026-06-15T08:00,10.9,5.2,14,17
2026-06-15T09:00,10.6,3.3,24,18
2026-06-15T10:00,8.6,2.5,31,18
2026-06-15T11:00,4.9,1.5,35,18
2026-06-15T12:00,3.6,1.3,36,19
2026-06-15T13:00,3.1,1.3,37,23
2026-06-15T14:00,3.0,1.4,38,27
2026-06-15T15:00,2.8,1.5,37,32
2026-06-15T16:00,2.5,1.5,35,36
2026-06-15T17:00,2.4,1.6,32,40
2026-06-15T18:00,2.1,1.6,29,41
2026-06-15T19:00,10.0,6.0,25,40
2026-06-15T20:00,10.0,6.3,24,39
2026-06-15T21:00,10.6,7.0,23,37
2026-06-15T22:00,11.4,7.8,20,35
2026-06-15T23:00,12.4,9.0,15,33
2026-06-16T00:00,13.1,9.8,12,30
2026-06-16T01:00,13.6,10.3,14,26
2026-06-16T02:00,13.9,10.5,14,26
2026-06-16T03:00,14.0,10.2,13,28
2026-06-16T04:00,15.0,9.9,12,29
2026-06-16T05:00,15.1,9.4,11,30
2026-06-16T06:00,16.1,9.0,11,30
2026-06-16T07:00,10.0,4.2,11,31
2026-06-16T08:00,13.6,4.8,12,31
2026-06-16T09:00,15.9,4.9,20,30
2026-06-16T10:00,12.5,3.8,28,31
2026-06-16T11:00,7.4,2.5,33,31
2026-06-16T12:00,5.1,2.0,37,31
2026-06-16T13:00,4.6,2.2,40,32
2026-06-16T14:00,4.3,2.4,41,32
2026-06-16T15:00,4.0,2.4,41,32
2026-06-16T16:00,3.8,2.4,39,36
2026-06-16T17:00,3.9,2.6,36,40
2026-06-16T18:00,3.9,3.0,32,42
2026-06-16T19:00,20.1,12.6,28,43
2026-06-16T20:00,18.9,12.6,27,42
2026-06-16T21:00,18.3,12.7,26,41
2026-06-16T22:00,18.5,13.1,23,39
2026-06-16T23:00,20.3,14.8,19,38
2026-06-17T00:00,21.8,16.3,15,40
2026-06-17T01:00,22.6,17.3,15,41
2026-06-17T02:00,22.8,17.7,15,43
2026-06-17T03:00,23.3,18.5,16,45
2026-06-17T04:00,23.2,18.6,17,47
2026-06-17T05:00,23.9,19.1,17,49
2026-06-17T06:00,24.2,19.4,18,50
2026-06-17T07:00,3.7,3.7,19,51
2026-06-17T08:00,4.4,4.4,19,51
2026-06-17T09:00,3.4,3.1,24,51
2026-06-17T10:00,3.4,2.7,32,51
2026-06-17T11:00,3.6,2.5,37,51
2026-06-17T12:00,7.0,4.2,40,51
2026-06-17T13:00,9.1,5.3,43,51
2026-06-17T14:00,9.7,5.7,44,51
2026-06-17T15:00,9.6,5.8,43,51
2026-06-17T16:00,9.3,5.7,40,52
2026-06-17T17:00,9.3,5.9,36,52
2026-06-17T18:00,9.5,6.8,31,52
2026-06-17T19:00,13.1,9.3,27,53
2026-06-17T20:00,12.5,8.9,23,52
2026-06-17T21:00,14.3,10.9,20,52
2026-06-17T22:00,16.1,12.8,20,52
2026-06-17T23:00,18.0,13.6,20,52
2026-06-18T00:00,19.7,14.1,20,52
2026-06-18T01:00,22.1,14.5,20,52
2026-06-18T02:00,25.5,14.9,19,51
2026-06-18T03:00,28.6,15.1,19,51
2026-06-18T04:00,31.8,15.1,19,51
2026-06-18T05:00,38.3,14.6,19,51
2026-06-18T06:00,41.3,15.2,18,50
2026-06-18T07:00,30.4,10.9,18,50
2026-06-18T08:00,36.9,11.6,19,50
2026-06-18T09:00,36.6,11.2,26,51
2026-06-18T10:00,23.1,7.9,33,52
2026-06-18T11:00,15.2,5.4,35,52
2026-06-18T12:00,9.7,3.5,34,52
2026-06-18T13:00,5.3,2.0,33,52
2026-06-18T14:00,3.0,1.2,33,52
2026-06-18T15:00,3.5,1.1,33,52
2026-06-18T16:00,6.3,1.6,32,51
2026-06-18T17:00,9.2,2.2,30,51
2026-06-18T18:00,10.0,2.6,28,51
2026-06-18T19:00,15.8,4.5,25,50
2026-06-18T20:00,17.9,5.0,24,50
2026-06-18T21:00,19.0,5.4,22,49
2026-06-18T22:00,20.2,5.8,20,48
2026-06-18T23:00,21.8,6.4,20,46
2026-06-19T00:00,22.8,6.8,20,44
2026-06-19T01:00,23.2,7.2,21,43
2026-06-19T02:00,24.2,7.5,21,41
2026-06-19T03:00,26.9,7.7,21,39
2026-06-19T04:00,25.9,8.0,21,38
2026-06-19T05:00,16.1,5.4,20,36
2026-06-19T06:00,12.6,4.2,19,34
2026-06-19T07:00,14.5,4.6,18,31
2026-06-19T08:00,15.8,5.2,17,30
2026-06-19T09:00,18.5,5.8,22,28
2026-06-19T10:00,18.0,5.7,26,27
2026-06-19T11:00,13.5,4.5,29,27
2026-06-19T12:00,8.9,3.2,32,26
2026-06-19T13:00,5.9,2.2,33,26
2026-06-19T14:00,4.5,1.7,34,26
2026-06-19T15:00,3.7,1.5,35,30
2026-06-19T16:00,3.3,1.4,34,33
2026-06-19T17:00,3.0,1.5,32,36
2026-06-19T18:00,2.9,1.8,30,37
2026-06-19T19:00,10.4,6.0,26,38
2026-06-19T20:00,10.4,6.2,24,37
2026-06-19T21:00,10.6,6.7,21,36
2026-06-19T22:00,11.0,7.5,18,34
2026-06-19T23:00,11.1,8.0,14,32
2026-06-20T00:00,11.2,8.3,13,29
2026-06-20T01:00,11.1,8.2,13,28
2026-06-20T02:00,10.9,7.9,14,28
2026-06-20T03:00,11.0,7.5,13,29
2026-06-20T04:00,11.3,7.3,13,28
2026-06-20T05:00,11.8,7.1,11,28
2026-06-20T06:00,8.3,5.0,10,29
2026-06-20T07:00,3.7,2.2,10,29
2026-06-20T08:00,7.6,3.0,12,28
2026-06-20T09:00,13.2,4.7,20,28
2026-06-20T10:00,13.8,5.2,27,28
2026-06-20T11:00,11.5,4.9,31,27
2026-06-20T12:00,10.0,4.3,34,28
2026-06-20T13:00,8.2,3.6,36,28
2026-06-20T14:00,6.8,3.0,36,28
2026-06-20T15:00,6.0,2.7,36,30
2026-06-20T16:00,5.2,2.5,35,34
2026-06-20T17:00,4.6,2.6,33,37
2026-06-20T18:00,5.2,3.2,30,39
2026-06-20T19:00,13.1,7.2,26,39
2026-06-20T20:00,13.3,7.7,24,39
2026-06-20T21:00,13.4,8.1,22,37
2026-06-20T22:00,14.1,8.8,20,35
2026-06-20T23:00,14.4,9.4,17,33
2026-06-21T00:00,14.9,10.3,14,31
2026-06-21T01:00,15.3,11.1,11,32
2026-06-21T02:00,15.4,11.2,12,32
2026-06-21T03:00,15.6,11.1,12,33
2026-06-21T04:00,16.8,11.8,12,34
2026-06-21T05:00,17.4,11.8,13,35
2026-06-21T06:00,18.3,11.9,13,36
2026-06-21T07:00,2.7,2.5,14,38
2026-06-21T08:00,6.0,3.8,14,38
2026-06-21T09:00,9.6,3.7,21,38
2026-06-21T10:00,9.8,3.5,28,38
2026-06-21T11:00,8.3,3.2,32,37
2026-06-21T12:00,6.7,3.0,35,37
2026-06-21T13:00,5.1,2.4,37,37
2026-06-21T14:00,3.9,2.0,38,36
2026-06-21T15:00,3.3,1.7,38,36
2026-06-21T16:00,3.1,1.7,38,36
2026-06-21T17:00,3.2,1.9,36,39
2026-06-21T18:00,4.0,2.7,33,41
2026-06-21T19:00,11.6,6.8,30,42
2026-06-21T20:00,12.7,7.9,26,41
2026-06-21T21:00,13.7,9.2,21,40
2026-06-21T22:00,14.1,10.1,16,38
2026-06-21T23:00,14.3,10.5,13,36
2026-06-22T00:00,14.2,10.4,14,36
2026-06-22T01:00,14.2,10.0,14,36
2026-06-22T02:00,15.0,9.9,13,36
2026-06-22T03:00,15.5,9.4,13,36
2026-06-22T04:00,16.1,8.9,13,35
2026-06-22T05:00,17.2,8.8,12,34
2026-06-22T06:00,18.7,9.0,12,34
2026-06-22T07:00,1.4,1.0,12,33
2026-06-22T08:00,7.4,2.7,15,33
2026-06-22T09:00,14.8,5.0,24,33
2026-06-22T10:00,14.1,5.2,32,33
2026-06-22T11:00,11.3,4.6,36,33
2026-06-22T12:00,7.4,3.4,38,34
2026-06-22T13:00,6.1,3.0,39,34
2026-06-22T14:00,5.3,2.8,40,34
2026-06-22T15:00,5.0,3.0,40,34
2026-06-22T16:00,4.8,3.1,38,38
2026-06-22T17:00,4.7,3.5,34,42
2026-06-22T18:00,6.1,4.9,27,43
2026-06-22T19:00,7.3,6.5,21,42
2026-06-22T20:00,8.1,7.3,20,40
2026-06-22T21:00,7.4,6.0,18,37
2026-06-22T22:00,7.4,4.9,17,34
2026-06-22T23:00,8.3,4.8,14,33
2026-06-23T00:00,8.8,4.8,12,32
2026-06-23T01:00,8.9,4.9,11,31
2026-06-23T02:00,9.3,5.0,11,29
2026-06-23T03:00,9.5,5.0,10,28
2026-06-23T04:00,10.9,4.9,10,27
2026-06-23T05:00,10.9,4.8,10,26
2026-06-23T06:00,11.4,5.1,10,25
2026-06-23T07:00,5.3,2.6,12,25
2026-06-23T08:00,6.3,3.0,18,25
2026-06-23T09:00,5.9,2.7,25,25
2026-06-23T10:00,4.5,2.1,31,24
2026-06-23T11:00,3.4,1.6,34,24
2026-06-23T12:00,2.5,1.3,36,23
2026-06-23T13:00,2.1,1.2,38,26
2026-06-23T14:00,2.9,1.3,38,30
2026-06-23T15:00,5.3,1.7,37,34
2026-06-23T16:00,8.9,2.3,36,37
2026-06-23T17:00,10.7,2.8,34,40
2026-06-23T18:00,11.1,3.0,32,41
2026-06-23T19:00,15.0,4.7,28,41
2026-06-23T20:00,15.7,4.7,27,40
2026-06-23T21:00,16.7,5.2,25,39
2026-06-23T22:00,17.9,5.8,22,37
2026-06-23T23:00,19.4,6.6,20,35
2026-06-24T00:00,20.8,7.3,16,32
2026-06-24T01:00,22.3,7.9,13,29
2026-06-24T02:00,23.8,8.4,11,26
2026-06-24T03:00,25.1,8.8,11,23
2026-06-24T04:00,26.4,9.3,12,23
2026-06-24T05:00,19.1,7.2,12,24
2026-06-24T06:00,10.5,4.5,13,25
2026-06-24T07:00,7.1,3.4,13,25
2026-06-24T08:00,13.3,4.6,15,25
2026-06-24T09:00,17.6,5.2,25,25
2026-06-24T10:00,11.6,3.4,32,26
2026-06-24T11:00,7.7,2.4,35,26
2026-06-24T12:00,5.8,2.0,36,26
2026-06-24T13:00,4.4,1.7,36,26
2026-06-24T14:00,3.3,1.4,37,28
2026-06-24T15:00,2.5,1.2,38,33
2026-06-24T16:00,1.9,1.0,38,37
2026-06-24T17:00,2.1,1.0,36,40
2026-06-24T18:00,3.1,1.5,32,42
2026-06-24T19:00,5.4,2.1,30,42
2026-06-24T20:00,7.8,2.5,28,41
2026-06-24T21:00,9.6,2.9,27,40
2026-06-24T22:00,11.0,3.5,25,38
2026-06-24T23:00,12.2,4.3,22,37
2026-06-25T00:00,13.2,5.0,19,34
2026-06-25T01:00,14.3,5.6,16,32
2026-06-25T02:00,15.1,6.0,14,29
2026-06-25T03:00,15.7,6.3,12,26
2026-06-25T04:00,11.9,4.9,10,24
2026-06-25T05:00,9.3,4.2,9,21
2026-06-25T06:00,5.9,3.0,9,19
2026-06-25T07:00,6.1,4.6,9,18
2026-06-25T08:00,7.2,3.9,14,19
2026-06-25T09:00,15.8,5.6,23,18
2026-06-25T10:00,17.5,5.6,30,19
2026-06-25T11:00,15.8,5.3,34,19
2026-06-25T12:00,11.2,4.1,36,20
2026-06-25T13:00,8.1,3.5,38,23
2026-06-25T14:00,6.9,3.4,38,27
2026-06-25T15:00,6.1,3.2,38,32
2026-06-25T16:00,5.7,3.2,38,36
2026-06-25T17:00,6.0,3.9,35,40
2026-06-25T18:00,7.2,4.9,32,42
2026-06-25T19:00,11.3,8.7,27,42
2026-06-25T20:00,10.6,7.9,27,41
2026-06-25T21:00,10.0,7.3,26,39
2026-06-25T22:00,10.8,8.3,25,38
2026-06-25T23:00,13.8,11.6,21,36
2026-06-26T00:00,16.1,14.2,15,33
2026-06-26T01:00,17.6,15.9,16,32
2026-06-26T02:00,18.4,17.0,17,35
2026-06-26T03:00,18.8,17.5,17,37
2026-06-26T04:00,19.7,18.2,16,40
2026-06-26T05:00,20.2,18.8,15,43
2026-06-26T06:00,18.5,16.9,17,46
2026-06-26T07:00,16.9,15.7,18,49
2026-06-26T08:00,14.0,13.2,19,51
2026-06-26T09:00,10.2,9.8,24,51
2026-06-26T10:00,5.9,5.7,30,52
2026-06-26T11:00,4.5,4.0,34,52
2026-06-26T12:00,4.0,3.4,37,52
2026-06-26T13:00,4.1,3.5,39,52
2026-06-26T14:00,4.4,3.8,41,52
2026-06-26T15:00,4.6,4.0,42,52
2026-06-26T16:00,4.8,4.0,40,52
2026-06-26T17:00,5.4,4.6,36,52
2026-06-26T18:00,8.3,7.6,29,52
2026-06-26T19:00,22.5,15.2,22,52
2026-06-26T20:00,24.3,17.1,21,53
2026-06-26T21:00,24.1,17.6,21,53
2026-06-26T22:00,22.6,16.8,22,54
2026-06-26T23:00,20.7,15.4,23,55
2026-06-27T00:00,19.1,13.9,23,55
2026-06-27T01:00,18.0,12.7,23,55
2026-06-27T02:00,17.4,11.7,23,55
2026-06-27T03:00,16.9,11.1,23,54
2026-06-27T04:00,16.9,10.5,22,54
2026-06-27T05:00,17.3,10.0,21,53
2026-06-27T06:00,18.2,10.1,21,53
2026-06-27T07:00,1.7,1.4,20,52
2026-06-27T08:00,8.6,3.0,19,51
2026-06-27T09:00,11.0,3.3,26,50
2026-06-27T10:00,11.9,3.6,33,49
2026-06-27T11:00,12.1,4.6,36,48
2026-06-27T12:00,13.5,6.5,37,48
2026-06-27T13:00,12.9,7.3,37,49
2026-06-27T14:00,11.1,6.9,38,50
2026-06-27T15:00,9.7,6.3,37,50
2026-06-27T16:00,8.8,5.9,36,50
2026-06-27T17:00,8.2,5.6,35,51
2026-06-27T18:00,8.2,5.4,34,51
2026-06-27T19:00,19.6,11.7,31,50
2026-06-27T20:00,16.1,9.4,30,50
2026-06-27T21:00,13.6,7.9,30,49
2026-06-27T22:00,12.5,7.4,28,47
2026-06-27T23:00,13.8,8.9,24,44
2026-06-28T00:00,16.3,11.7,20,43
2026-06-28T01:00,18.0,13.8,15,42
2026-06-28T02:00,19.8,15.7,15,43
2026-06-28T03:00,21.0,16.8,16,44
2026-06-28T04:00,21.8,17.5,16,45
2026-06-28T05:00,22.6,17.9,17,46
2026-06-28T06:00,24.3,18.9,17,48
2026-06-28T07:00,24.4,18.9,18,50
2026-06-28T08:00,21.0,16.2,20,51
2026-06-28T09:00,16.9,12.7,21,53
2026-06-28T10:00,13.0,10.0,26,53
2026-06-28T11:00,10.1,8.2,30,54
2026-06-28T12:00,6.9,6.0,31,54
2026-06-28T13:00,5.0,4.5,32,54
2026-06-28T14:00,4.2,3.8,33,54
2026-06-28T15:00,3.6,3.3,33,54
2026-06-28T16:00,3.2,2.9,32,53
2026-06-28T17:00,3.0,2.7,30,53
2026-06-28T18:00,5.0,4.5,27,53
2026-06-28T19:00,17.6,13.4,25,53
2026-06-28T20:00,15.3,12.0,24,53
2026-06-28T21:00,13.3,10.9,22,53
2026-06-28T22:00,12.1,10.2,22,53
2026-06-28T23:00,13.8,12.0,22,54
2026-06-29T00:00,15.6,13.7,22,54
2026-06-29T01:00,17.1,15.1,22,54
2026-06-29T02:00,18.2,15.8,22,54
2026-06-29T03:00,19.2,16.5,22,54
2026-06-29T04:00,19.7,16.9,22,54
2026-06-29T05:00,20.6,17.2,22,54
2026-06-29T06:00,20.3,17.1,22,54
2026-06-29T07:00,20.4,17.1,22,54
2026-06-29T08:00,18.8,16.1,22,54
2026-06-29T09:00,13.4,12.2,22,54
2026-06-29T10:00,9.5,9.3,22,54
2026-06-29T11:00,10.1,8.1,25,54
2026-06-29T12:00,10.8,7.4,30,54
2026-06-29T13:00,9.0,6.5,32,54
2026-06-29T14:00,7.8,5.9,34,54
2026-06-29T15:00,7.1,5.5,34,54
2026-06-29T16:00,6.6,5.2,32,54
2026-06-29T17:00,6.1,4.9,30,54
2026-06-29T18:00,6.7,5.7,26,55
2026-06-29T19:00,13.3,12.2,23,55
2026-06-29T20:00,14.0,13.0,23,55
2026-06-29T21:00,15.2,14.3,23,55
2026-06-29T22:00,16.5,15.7,23,55
2026-06-29T23:00,16.8,15.9,24,55
2026-06-30T00:00,15.8,14.8,24,56
2026-06-30T01:00,14.6,13.4,24,56
2026-06-30T02:00,13.7,12.0,24,56
2026-06-30T03:00,13.0,10.9,24,55
2026-06-30T04:00,13.0,10.1,23,55
2026-06-30T05:00,13.6,9.5,23,54
2026-06-30T06:00,15.8,9.1,22,54
2026-06-30T07:00,2.6,1.3,21,53
2026-06-30T08:00,5.6,2.3,20,52
2026-06-30T09:00,9.7,3.2,19,51
2026-06-30T10:00,10.6,3.5,24,50
2026-06-30T11:00,7.5,2.5,28,49
2026-06-30T12:00,3.5,1.3,31,47
2026-06-30T13:00,1.9,0.9,33,46
2026-06-30T14:00,1.3,0.8,34,45
2026-06-30T15:00,1.3,0.9,34,44
2026-06-30T16:00,1.5,1.0,33,42
2026-06-30T17:00,1.6,1.2,30,41
2026-06-30T18:00,2.6,2.2,26,41
2026-06-30T19:00,14.1,11.8,18,40
2026-06-30T20:00,15.0,12.7,15,40
2026-06-30T21:00,15.5,13.2,16,40
2026-06-30T22:00,15.4,13.1,17,39
2026-06-30T23:00,15.0,12.5,17,39
2026-07-01T00:00,14.8,11.4,16,38
2026-07-01T01:00,15.0,10.5,15,37
2026-07-01T02:00,15.7,9.8,15,37
2026-07-01T03:00,16.5,9.3,14,36
2026-07-01T04:00,17.0,8.9,13,36
2026-07-01T05:00,17.9,8.6,13,35
2026-07-01T06:00,19.7,8.7,13,35
2026-07-01T07:00,4.3,0.6,13,35
2026-07-01T08:00,9.9,1.9,13,35
2026-07-01T09:00,19.7,3.4,22,35
2026-07-01T10:00,26.5,4.7,28,35
2026-07-01T11:00,26.3,5.1,32,35
2026-07-01T12:00,17.5,3.9,34,36
2026-07-01T13:00,12.6,3.1,34,36
2026-07-01T14:00,9.6,2.5,34,37
2026-07-01T15:00,6.4,1.9,33,37
2026-07-01T16:00,3.4,1.3,32,38
2026-07-01T17:00,1.4,0.9,29,38
2026-07-01T18:00,3.0,1.8,25,38
2026-07-01T19:00,15.4,11.3,21,37
2026-07-01T20:00,14.0,10.7,20,37
2026-07-01T21:00,13.1,10.8,19,37
2026-07-01T22:00,13.0,11.2,18,36
2026-07-01T23:00,13.4,11.7,15,36
2026-07-02T00:00,14.7,13.1,14,36
2026-07-02T01:00,15.4,13.9,14,36
2026-07-02T02:00,15.8,14.4,14,37
2026-07-02T03:00,16.0,14.6,14,38
2026-07-02T04:00,15.5,14.5,14,39
2026-07-02T05:00,15.5,14.3,15,40
2026-07-02T06:00,15.5,14.3,15,42
2026-07-02T07:00,9.9,9.4,15,43
2026-07-02T08:00,10.6,9.6,16,45
2026-07-02T09:00,8.2,7.5,18,47
2026-07-02T10:00,4.0,3.6,23,48
2026-07-02T11:00,2.6,2.4,26,48
2026-07-02T12:00,1.6,1.4,28,47
2026-07-02T13:00,1.0,0.9,28,46
2026-07-02T14:00,0.8,0.7,29,46
2026-07-02T15:00,0.7,0.6,28,45
2026-07-02T16:00,0.7,0.6,27,45
2026-07-02T17:00,0.8,0.8,24,45
2026-07-02T18:00,1.2,1.1,21,45
2026-07-02T19:00,11.8,10.2,22,45
2026-07-02T20:00,12.9,11.0,22,45
2026-07-02T21:00,12.7,10.9,20,45
2026-07-02T22:00,11.4,9.8,18,45
2026-07-02T23:00,10.9,9.5,16,44
2026-07-03T00:00,10.3,9.1,16,44
2026-07-03T01:00,9.5,8.6,15,43
2026-07-03T02:00,9.1,8.6,15,42
2026-07-03T03:00,8.6,8.3,15,40
2026-07-03T04:00,8.1,7.9,14,39
2026-07-03T05:00,7.7,7.6,13,37
2026-07-03T06:00,7.5,7.3,13,36
2026-07-03T07:00,2.7,2.7,12,34
2026-07-03T08:00,3.5,3.5,12,33
2026-07-03T09:00,3.6,3.5,16,31
2026-07-03T10:00,3.1,2.9,21,30
2026-07-03T11:00,3.0,2.9,26,30
2026-07-03T12:00,2.7,2.5,30,30
2026-07-03T13:00,2.4,2.3,32,30
2026-07-03T14:00,2.2,2.1,34,31
2026-07-03T15:00,2.0,1.9,34,31
2026-07-03T16:00,2.0,1.9,33,31
2026-07-03T17:00,1.9,1.8,30,33
2026-07-03T18:00,1.9,1.7,26,35
2026-07-03T19:00,13.9,13.2,23,36
2026-07-03T20:00,12.6,12.0,24,35
2026-07-03T21:00,12.6,11.7,25,34
2026-07-03T22:00,11.3,10.6,25,33
2026-07-03T23:00,9.4,9.1,26,33
2026-07-04T00:00,8.0,7.8,25,33
2026-07-04T01:00,7.5,7.3,24,33
2026-07-04T02:00,8.6,8.4,22,33
2026-07-04T03:00,9.8,9.7,19,33
2026-07-04T04:00,10.5,10.4,16,33
2026-07-04T05:00,9.5,9.3,14,34
2026-07-04T06:00,9.2,9.1,14,34
2026-07-04T07:00,2.3,2.3,13,34
2026-07-04T08:00,3.4,3.0,16,34
2026-07-04T09:00,4.3,3.0,20,34
2026-07-04T10:00,7.9,4.8,24,34
2026-07-04T11:00,7.3,3.7,28,34
2026-07-04T12:00,8.8,3.8,32,35
2026-07-04T13:00,8.2,3.3,34,35
2026-07-04T14:00,7.3,2.9,35,35
2026-07-04T15:00,6.3,2.5,36,35
2026-07-04T16:00,5.2,2.2,35,35
2026-07-04T17:00,4.1,1.9,33,36
2026-07-04T18:00,3.4,2.1,30,37
2026-07-04T19:00,18.6,12.9,27,38
2026-07-04T20:00,17.7,12.3,26,38
2026-07-04T21:00,16.6,11.9,24,37
2026-07-04T22:00,15.7,11.6,21,36
2026-07-04T23:00,16.3,11.4,18,36
2026-07-05T00:00,18.3,11.8,16,36
2026-07-05T01:00,20.8,12.3,13,37
2026-07-05T02:00,24.6,12.6,14,39
2026-07-05T03:00,26.4,13.1,14,40
2026-07-05T04:00,27.8,13.8,15,40
2026-07-05T05:00,29.7,14.2,15,41
2026-07-05T06:00,33.3,14.0,15,42
2026-07-05T07:00,15.7,5.8,16,43
2026-07-05T08:00,20.6,6.6,16,44
2026-07-05T09:00,24.3,7.4,24,45
2026-07-05T10:00,24.6,7.8,30,46
2026-07-05T11:00,17.5,6.2,34,47
2026-07-05T12:00,13.6,4.8,36,47
2026-07-05T13:00,9.8,3.6,37,48
2026-07-05T14:00,7.2,2.8,38,48
2026-07-05T15:00,4.9,2.1,37,48
2026-07-05T16:00,3.1,1.5,36,48
2026-07-05T17:00,2.1,1.2,34,47
2026-07-05T18:00,2.6,1.7,32,47
2026-07-05T19:00,12.6,8.1,29,47
2026-07-05T20:00,12.4,7.9,28,46
2026-07-05T21:00,12.0,7.8,26,45
2026-07-05T22:00,12.3,8.2,24,44
2026-07-05T23:00,13.0,8.8,21,43
2026-07-06T00:00,13.7,9.3,17,43
2026-07-06T01:00,14.1,9.7,16,42
2026-07-06T02:00,13.8,9.5,16,41
2026-07-06T03:00,14.5,9.7,15,41
2026-07-06T04:00,14.9,9.6,15,40
2026-07-06T05:00,15.9,9.3,14,39
2026-07-06T06:00,15.3,8.9,14,38
2026-07-06T07:00,4.3,1.9,13,37
2026-07-06T08:00,10.0,3.0,13,36
2026-07-06T09:00,19.8,4.8,20,35
2026-07-06T10:00,22.8,5.2,28,34
2026-07-06T11:00,19.9,4.3,32,34
2026-07-06T12:00,13.0,3.0,34,33
2026-07-06T13:00,7.7,2.0,35,33
2026-07-06T14:00,4.0,1.3,35,32
2026-07-06T15:00,1.7,1.0,34,32
2026-07-06T16:00,1.2,0.9,32,33
2026-07-06T17:00,1.4,1.0,30,36
2026-07-06T18:00,1.7,1.4,27,38
2026-07-06T19:00,9.3,8.1,22,37
2026-07-06T20:00,10.1,9.0,20,36
2026-07-06T21:00,10.6,9.6,18,34
2026-07-06T22:00,11.0,10.0,14,32
2026-07-06T23:00,12.0,10.2,12,33
2026-07-07T00:00,13.4,10.3,12,33
2026-07-07T01:00,14.5,10.3,12,33
2026-07-07T02:00,15.4,10.1,12,33
2026-07-07T03:00,16.6,10.1,12,34
2026-07-07T04:00,18.1,10.0,12,34
2026-07-07T05:00,18.7,9.6,12,34
2026-07-07T06:00,18.9,9.3,12,34
2026-07-07T07:00,12.2,3.9,12,34
2026-07-07T08:00,18.1,4.9,12,34
2026-07-07T09:00,33.5,6.6,21,35
2026-07-07T10:00,34.2,6.9,29,35
2026-07-07T11:00,29.5,7.0,33,36
2026-07-07T12:00,20.8,5.8,35,36
2026-07-07T13:00,17.5,5.2,36,37
2026-07-07T14:00,16.5,5.0,38,38
2026-07-07T15:00,16.0,4.8,38,38
2026-07-07T16:00,15.5,4.7,38,39
2026-07-07T17:00,15.1,4.8,36,40
2026-07-07T18:00,13.0,5.2,32,41
2026-07-07T19:00,24.7,11.3,29,42
2026-07-07T20:00,21.7,10.6,28,43
2026-07-07T21:00,19.0,9.8,26,43
2026-07-07T22:00,17.6,9.5,23,43
2026-07-07T23:00,16.9,9.5,21,43
2026-07-08T00:00,17.0,9.1,19,43
2026-07-08T01:00,17.4,8.9,19,43
2026-07-08T02:00,17.7,8.8,19,42
2026-07-08T03:00,16.9,9.0,19,42
2026-07-08T04:00,17.3,8.8,19,42
2026-07-08T05:00,18.7,8.8,19,41
2026-07-08T06:00,20.2,8.8,19,41
2026-07-08T07:00,16.2,5.2,19,41
2026-07-08T08:00,23.1,6.4,20,41
2026-07-08T09:00,25.7,6.9,24,42
2026-07-08T10:00,26.7,7.0,31,42
2026-07-08T11:00,23.1,6.6,35,42
2026-07-08T12:00,21.4,6.6,38,42
2026-07-08T13:00,19.2,6.1,40,42
2026-07-08T14:00,16.8,5.9,41,42
2026-07-08T15:00,14.4,5.5,41,42
2026-07-08T16:00,12.7,5.2,39,43
2026-07-08T17:00,11.8,5.2,37,43
2026-07-08T18:00,11.1,5.6,34,43
2026-07-08T19:00,13.2,6.3,30,44
2026-07-08T20:00,13.4,6.9,26,43
2026-07-08T21:00,13.7,7.8,20,41
2026-07-08T22:00,14.9,9.7,18,40
2026-07-08T23:00,15.1,10.4,17,40
2026-07-09T00:00,14.9,10.2,17,41
2026-07-09T01:00,15.6,10.6,17,41
2026-07-09T02:00,15.8,10.2,17,41
2026-07-09T03:00,15.6,9.7,17,42
2026-07-09T04:00,15.7,9.1,17,42
2026-07-09T05:00,16.4,8.8,17,42
2026-07-09T06:00,17.5,8.5,17,42
2026-07-09T07:00,7.0,2.9,17,42
2026-07-09T08:00,11.5,3.7,16,41
2026-07-09T09:00,15.6,4.4,23,41
2026-07-09T10:00,16.5,4.6,30,40
2026-07-09T11:00,12.5,3.8,35,39
2026-07-09T12:00,9.7,3.7,38,39
2026-07-09T13:00,8.5,3.7,39,38
2026-07-09T14:00,7.3,3.4,40,38
2026-07-09T15:00,6.1,3.0,38,37
2026-07-09T16:00,5.5,2.8,37,37
2026-07-09T17:00,5.4,2.9,35,41
2026-07-09T18:00,5.7,3.5,32,42
2026-07-09T19:00,21.6,10.6,29,42
2026-07-09T20:00,20.7,10.5,26,42
2026-07-09T21:00,21.2,11.4,22,40
2026-07-09T22:00,23.2,14.1,17,38
2026-07-09T23:00,24.4,15.8,14,39
2026-07-10T00:00,24.6,16.5,16,40
2026-07-10T01:00,24.3,16.5,17,41
2026-07-10T02:00,24.0,16.3,17,43
2026-07-10T03:00,23.7,15.9,16,44
2026-07-10T04:00,22.8,15.3,16,45
2026-07-10T05:00,24.0,15.2,17,47
2026-07-10T06:00,23.1,13.6,17,48
2026-07-10T07:00,0.9,0.7,18,50
2026-07-10T08:00,8.3,2.8,18,49
2026-07-10T09:00,16.8,4.9,22,49
2026-07-10T10:00,17.6,5.3,30,49
2026-07-10T11:00,15.7,5.3,34,49
2026-07-10T12:00,13.3,5.3,36,49
2026-07-10T13:00,11.0,4.7,38,50
2026-07-10T14:00,10.9,4.9,39,50
2026-07-10T15:00,9.8,4.7,38,50
2026-07-10T16:00,8.1,4.3,37,50
2026-07-10T17:00,6.8,4.0,34,50
2026-07-10T18:00,6.1,4.1,29,50
2026-07-10T19:00,17.4,10.1,22,51
2026-07-10T20:00,16.8,10.4,20,50
2026-07-10T21:00,15.8,9.8,19,50
2026-07-10T22:00,15.3,9.1,18,50
2026-07-10T23:00,14.7,8.2,18,50
2026-07-11T00:00,14.2,7.5,17,48
2026-07-11T01:00,13.9,7.2,17,46
2026-07-11T02:00,14.1,7.1,16,44
2026-07-11T03:00,14.7,7.1,15,42
2026-07-11T04:00,15.6,7.5,14,40
2026-07-11T05:00,15.1,7.1,14,38
2026-07-11T06:00,7.2,3.3,13,36
2026-07-11T07:00,1.1,0.9,13,34
2026-07-11T08:00,6.0,2.3,13,34
2026-07-11T09:00,11.8,3.7,20,34
2026-07-11T10:00,11.4,3.6,26,33
2026-07-11T11:00,7.6,2.5,31,33
2026-07-11T12:00,4.7,1.7,34,32
2026-07-11T13:00,3.0,1.2,36,31
2026-07-11T14:00,2.1,0.9,37,31
2026-07-11T15:00,1.6,0.8,37,30
2026-07-11T16:00,1.2,0.7,36,34
2026-07-11T17:00,1.1,0.7,34,37
2026-07-11T18:00,1.5,1.1,32,39
2026-07-11T19:00,2.0,1.7,28,40
2026-07-11T20:00,3.3,3.0,24,40
2026-07-11T21:00,5.3,4.5,19,38
2026-07-11T22:00,7.7,5.4,14,36
2026-07-11T23:00,9.7,5.5,11,32
2026-07-12T00:00,11.7,5.5,10,29
2026-07-12T01:00,13.5,5.5,10,25
2026-07-12T02:00,14.4,5.6,9,21
2026-07-12T03:00,15.9,5.8,9,19
2026-07-12T04:00,17.5,5.9,9,19
2026-07-12T05:00,19.6,6.0,8,18
2026-07-12T06:00,20.8,6.1,8,18
2026-07-12T07:00,1.0,0.8,8,19
2026-07-12T08:00,11.3,2.4,15,19
2026-07-12T09:00,19.4,3.7,24,19
2026-07-12T10:00,23.3,4.3,32,19
2026-07-12T11:00,20.8,4.2,36,19
2026-07-12T12:00,14.3,3.1,37,19
2026-07-12T13:00,11.8,2.6,38,23
2026-07-12T14:00,10.2,2.4,38,28
2026-07-12T15:00,9.0,2.2,39,33
2026-07-12T16:00,8.1,2.1,38,38
2026-07-12T17:00,7.5,2.1,34,41
2026-07-12T18:00,5.8,2.1,30,42
2026-07-12T19:00,15.7,4.8,26,42
2026-07-12T20:00,14.8,4.9,24,40
2026-07-12T21:00,13.6,4.7,22,39
2026-07-12T22:00,12.3,4.6,20,36
2026-07-12T23:00,11.4,4.5,18,34
2026-07-13T00:00,10.7,4.4,17,31
2026-07-13T01:00,10.8,4.6,16,28
2026-07-13T02:00,10.9,4.8,16,25
2026-07-13T03:00,11.2,5.0,15,23
2026-07-13T04:00,11.5,5.3,14,22
2026-07-13T05:00,11.6,5.5,14,21
2026-07-13T06:00,12.0,5.8,14,21
2026-07-13T07:00,7.3,4.3,17,21
2026-07-13T08:00,6.8,4.8,21,22
2026-07-13T09:00,5.5,3.6,26,22
2026-07-13T10:00,4.6,2.5,32,22
2026-07-13T11:00,6.1,2.8,36,22
2026-07-13T12:00,7.6,3.3,39,25
2026-07-13T13:00,8.8,3.5,43,29
2026-07-13T14:00,8.3,3.2,44,33
2026-07-13T15:00,7.7,3.1,43,37
2026-07-13T16:00,7.2,3.0,41,41
2026-07-13T17:00,7.1,3.1,37,43
2026-07-13T18:00,6.3,3.2,33,45
2026-07-13T19:00,23.6,10.5,28,45
2026-07-13T20:00,21.6,9.8,26,44
2026-07-13T21:00,20.8,9.8,24,42
2026-07-13T22:00,21.7,10.7,21,39
2026-07-13T23:00,23.2,12.0,18,36
2026-07-14T00:00,24.5,13.3,16,33
2026-07-14T01:00,25.3,14.2,14,32
2026-07-14T02:00,25.9,15.1,13,34
2026-07-14T03:00,27.1,15.5,13,36
2026-07-14T04:00,27.7,15.9,14,39
2026-07-14T05:00,28.5,16.9,15,41
2026-07-14T06:00,31.4,20.0,16,44
2026-07-14T07:00,4.7,4.7,17,47
2026-07-14T08:00,5.7,5.7,18,47
2026-07-14T09:00,4.0,3.9,26,48
2026-07-14T10:00,2.7,2.3,32,48
2026-07-14T11:00,1.9,1.3,36,48
2026-07-14T12:00,1.7,1.1,38,47
2026-07-14T13:00,2.3,1.4,40,47
2026-07-14T14:00,2.0,1.3,42,46
2026-07-14T15:00,1.7,1.2,43,46
2026-07-14T16:00,1.7,1.2,41,45
2026-07-14T17:00,2.2,1.5,38,45
2026-07-14T18:00,3.4,2.3,34,45
2026-07-14T19:00,22.1,14.3,28,45
2026-07-14T20:00,18.6,11.8,25,45
2026-07-14T21:00,18.2,11.9,20,46
2026-07-14T22:00,19.8,13.8,17,46
2026-07-14T23:00,22.1,15.5,17,47
2026-07-15T00:00,24.5,16.8,17,48
2026-07-15T01:00,27.4,17.5,17,49
2026-07-15T02:00,30.2,17.6,18,49
2026-07-15T03:00,30.2,17.5,18,50
2026-07-15T04:00,30.5,17.4,18,50
2026-07-15T05:00,34.0,16.9,18,50
2026-07-15T06:00,37.5,16.6,18,50
2026-07-15T07:00,35.7,13.2,18,50
2026-07-15T08:00,40.2,12.7,19,51
2026-07-15T09:00,41.7,12.8,29,51
2026-07-15T10:00,35.2,11.9,36,52
2026-07-15T11:00,24.0,8.9,40,53
2026-07-15T12:00,18.7,8.0,41,53
2026-07-15T13:00,19.3,9.1,41,54
2026-07-15T14:00,18.0,9.1,41,54
2026-07-15T15:00,17.1,8.8,40,55
2026-07-15T16:00,15.3,8.2,38,56
2026-07-15T17:00,13.8,7.8,36,56
2026-07-15T18:00,13.3,8.2,32,57
2026-07-15T19:00,18.9,12.0,27,57
2026-07-15T20:00,19.0,12.5,25,57
2026-07-15T21:00,19.7,13.4,25,57
2026-07-15T22:00,20.5,14.5,26,57
2026-07-15T23:00,21.0,14.8,26,57
2026-07-16T00:00,21.3,14.1,26,57
2026-07-16T01:00,21.9,13.2,25,57
2026-07-16T02:00,22.8,12.5,25,57
2026-07-16T03:00,23.6,11.6,25,56
2026-07-16T04:00,24.2,10.8,24,56
2026-07-16T05:00,25.3,10.8,24,55
2026-07-16T06:00,26.9,10.9,24,55
2026-07-16T07:00,7.0,1.0,23,54
2026-07-16T08:00,14.9,2.6,22,53
2026-07-16T09:00,27.5,4.6,25,52
2026-07-16T10:00,32.0,6.0,33,52
2026-07-16T11:00,27.8,6.3,36,51
2026-07-16T12:00,18.9,4.6,37,51
2026-07-16T13:00,13.0,3.2,38,51
2026-07-16T14:00,9.6,2.4,38,50
2026-07-16T15:00,7.7,2.0,39,50
2026-07-16T16:00,6.8,1.8,38,48
2026-07-16T17:00,7.0,1.9,36,47
2026-07-16T18:00,8.1,2.8,32,45
2026-07-16T19:00,20.4,10.2,26,44
2026-07-16T20:00,18.5,9.1,25,44
2026-07-16T21:00,17.3,9.0,22,43
2026-07-16T22:00,17.1,9.3,19,42
2026-07-16T23:00,18.5,10.7,18,41
2026-07-17T00:00,19.4,11.6,18,40
2026-07-17T01:00,19.7,12.0,18,39
2026-07-17T02:00,20.5,12.6,18,39
2026-07-17T03:00,21.0,12.5,18,39
2026-07-17T04:00,20.7,12.2,18,39
2026-07-17T05:00,21.1,11.9,18,39
2026-07-17T06:00,25.6,12.1,18,40
2026-07-17T07:00,8.6,2.3,18,40
2026-07-17T08:00,16.1,3.8,18,40
2026-07-17T09:00,28.0,5.4,23,40
2026-07-17T10:00,34.0,6.4,30,41
2026-07-17T11:00,32.9,6.7,34,41
2026-07-17T12:00,23.2,5.3,36,41
2026-07-17T13:00,15.8,3.8,37,41
2026-07-17T14:00,11.7,2.9,38,41
2026-07-17T15:00,9.3,2.4,38,41
2026-07-17T16:00,8.0,2.1,37,41
2026-07-17T17:00,7.1,2.1,33,41
2026-07-17T18:00,9.8,3.8,28,41
2026-07-17T19:00,13.8,7.4,22,42
2026-07-17T20:00,13.1,7.2,19,41
2026-07-17T21:00,13.2,7.3,18,41
2026-07-17T22:00,13.5,7.3,18,40
2026-07-17T23:00,13.8,7.2,18,40
2026-07-18T00:00,14.1,7.2,17,39
2026-07-18T01:00,14.8,7.0,17,38
2026-07-18T02:00,15.5,6.7,17,37
2026-07-18T03:00,16.0,6.5,17,35
2026-07-18T04:00,16.5,6.4,17,34
2026-07-18T05:00,17.0,6.4,16,33
2026-07-18T06:00,18.7,6.5,16,31
2026-07-18T07:00,4.0,1.4,16,30
2026-07-18T08:00,15.1,3.9,16,30
2026-07-18T09:00,26.4,6.1,26,30
2026-07-18T10:00,26.8,6.9,33,30
2026-07-18T11:00,16.1,4.7,35,30
2026-07-18T12:00,10.0,3.2,35,30
2026-07-18T13:00,7.3,2.6,35,29
2026-07-18T14:00,5.5,2.2,35,29
2026-07-18T15:00,4.1,1.9,34,33
2026-07-18T16:00,3.5,1.6,33,36
2026-07-18T17:00,4.3,1.7,32,38
2026-07-18T18:00,5.2,2.1,29,39
2026-07-18T19:00,13.5,4.6,26,39
2026-07-18T20:00,13.0,4.4,24,37
2026-07-18T21:00,14.4,4.9,22,36
2026-07-18T22:00,15.9,5.6,19,34
2026-07-18T23:00,17.3,6.3,16,32
2026-07-19T00:00,18.6,6.8,14,29
2026-07-19T01:00,20.6,7.2,13,26
2026-07-19T02:00,21.9,7.5,14,26
2026-07-19T03:00,22.9,7.9,14,26
2026-07-19T04:00,23.1,7.9,14,26
2026-07-19T05:00,23.3,7.9,14,26
2026-07-19T06:00,22.5,7.8,15,27
2026-07-19T07:00,2.4,1.0,15,27
2026-07-19T08:00,9.1,2.4,15,27
2026-07-19T09:00,20.0,4.7,23,27
2026-07-19T10:00,23.1,5.8,30,26
2026-07-19T11:00,19.7,5.4,33,26
2026-07-19T12:00,14.9,4.4,34,26
2026-07-19T13:00,10.5,3.4,34,27
2026-07-19T14:00,7.1,2.5,34,27
2026-07-19T15:00,4.7,1.8,33,31
2026-07-19T16:00,3.3,1.4,32,34
2026-07-19T17:00,3.1,1.3,29,37
2026-07-19T18:00,3.0,1.6,26,38
2026-07-19T19:00,12.3,5.0,20,37
2026-07-19T20:00,11.3,5.3,18,35
2026-07-19T21:00,11.7,5.9,15,33
2026-07-19T22:00,12.7,6.7,14,30
2026-07-19T23:00,13.9,7.5,14,27
2026-07-20T00:00,15.0,8.0,14,28
2026-07-20T01:00,16.6,8.4,14,28
2026-07-20T02:00,18.8,8.8,14,28
2026-07-20T03:00,20.7,9.1,14,28
2026-07-20T04:00,21.0,9.3,13,29
2026-07-20T05:00,22.9,9.6,13,29
2026-07-20T06:00,20.8,8.4,13,29
2026-07-20T07:00,2.3,1.1,13,30
2026-07-20T08:00,13.7,4.0,15,30
2026-07-20T09:00,28.6,7.2,24,30
2026-07-20T10:00,35.4,8.7,30,31
2026-07-20T11:00,31.2,8.3,34,31
2026-07-20T12:00,23.7,7.0,36,32
2026-07-20T13:00,19.6,6.2,36,32
2026-07-20T14:00,16.9,5.7,37,33
2026-07-20T15:00,15.1,5.2,38,34
2026-07-20T16:00,13.8,4.9,36,36
2026-07-20T17:00,11.8,4.8,34,39
2026-07-20T18:00,14.8,6.6,30,41
2026-07-20T19:00,35.9,15.1,24,41
2026-07-20T20:00,35.4,15.9,19,40
2026-07-20T21:00,34.1,16.2,20,42
2026-07-20T22:00,32.2,16.2,21,45
2026-07-20T23:00,29.7,15.9,21,47
2026-07-21T00:00,26.4,15.1,22,49
2026-07-21T01:00,25.3,14.3,23,50
2026-07-21T02:00,25.4,13.9,23,51
2026-07-21T03:00,25.0,13.3,23,51
2026-07-21T04:00,26.0,13.1,23,51
2026-07-21T05:00,28.1,13.2,24,52
2026-07-21T06:00,30.5,13.7,24,52
2026-07-21T07:00,13.6,5.8,24,52
2026-07-21T08:00,19.5,7.4,25,53
2026-07-21T09:00,26.5,8.8,25,53
2026-07-21T10:00,27.1,9.5,32,53
2026-07-21T11:00,23.7,9.2,36,53
2026-07-21T12:00,18.9,8.1,38,53
2026-07-21T13:00,15.0,7.1,38,53
2026-07-21T14:00,11.5,6.0,39,53
2026-07-21T15:00,8.7,5.0,38,53
2026-07-21T16:00,6.9,4.3,36,53
2026-07-21T17:00,6.7,4.1,32,53
2026-07-21T18:00,7.9,5.1,25,53
2026-07-21T19:00,7.4,4.6,23,53
2026-07-21T20:00,9.2,5.0,21,52
2026-07-21T21:00,10.5,5.6,20,51
2026-07-21T22:00,11.9,6.4,19,51
2026-07-21T23:00,13.3,7.2,18,50
2026-07-22T00:00,14.6,7.7,18,48
2026-07-22T01:00,16.0,7.9,17,46
2026-07-22T02:00,17.5,8.2,17,44
2026-07-22T03:00,19.3,8.4,17,43
2026-07-22T04:00,19.7,8.6,16,42
2026-07-22T05:00,21.8,8.9,16,41
2026-07-22T06:00,19.6,8.1,16,40
2026-07-22T07:00,11.0,5.3,15,39
2026-07-22T08:00,16.6,6.3,15,39
2026-07-22T09:00,26.3,8.7,22,38
2026-07-22T10:00,23.0,8.1,30,38
2026-07-22T11:00,16.8,6.2,33,38
2026-07-22T12:00,13.3,5.2,35,37
2026-07-22T13:00,11.7,4.9,36,37
2026-07-22T14:00,10.4,4.6,36,36
2026-07-22T15:00,8.8,4.0,36,36
2026-07-22T16:00,6.9,3.4,34,36
2026-07-22T17:00,5.3,2.9,30,38
2026-07-22T18:00,8.0,5.2,25,39
2026-07-22T19:00,17.0,10.8,20,39
2026-07-22T20:00,15.1,10.2,19,37
2026-07-22T21:00,13.6,9.2,16,38
2026-07-22T22:00,13.4,8.7,15,39
2026-07-22T23:00,13.8,8.4,15,39
2026-07-23T00:00,14.3,8.1,15,39
2026-07-23T01:00,14.9,7.9,15,39
2026-07-23T02:00,15.5,7.8,15,39
2026-07-23T03:00,16.0,7.8,15,39
2026-07-23T04:00,16.5,7.8,15,39
2026-07-23T05:00,16.9,7.7,15,39
2026-07-23T06:00,17.5,8.0,14,39
2026-07-23T07:00,7.8,3.4,14,39
2026-07-23T08:00,11.3,4.0,14,38
2026-07-23T09:00,14.8,4.7,22,38
2026-07-23T10:00,18.5,4.9,28,37
2026-07-23T11:00,17.8,5.1,32,36
2026-07-23T12:00,18.1,5.5,36,36
2026-07-23T13:00,18.2,5.9,38,36
2026-07-23T14:00,16.5,5.6,39,36
2026-07-23T15:00,14.0,5.0,38,36
2026-07-23T16:00,11.7,4.6,37,37
2026-07-23T17:00,10.1,4.6,34,39
2026-07-23T18:00,11.7,6.9,31,41
2026-07-23T19:00,28.2,15.8,26,41
2026-07-23T20:00,26.6,15.1,24,41
2026-07-23T21:00,23.1,13.2,20,40
2026-07-23T22:00,18.7,10.7,16,41
2026-07-23T23:00,14.8,8.5,16,41
2026-07-24T00:00,12.1,6.8,16,41
2026-07-24T01:00,10.9,6.0,16,41
2026-07-24T02:00,10.5,5.5,16,41
2026-07-24T03:00,10.7,5.2,16,40
2026-07-24T04:00,11.3,5.0,16,39
2026-07-24T05:00,12.0,5.0,15,39
2026-07-24T06:00,13.9,5.3,15,38
2026-07-24T07:00,4.5,1.9,15,38
2026-07-24T08:00,8.9,3.2,15,37
2026-07-24T09:00,10.6,3.6,20,37
2026-07-24T10:00,12.1,5.0,27,37
2026-07-24T11:00,11.7,5.3,30,37
2026-07-24T12:00,8.0,3.8,33,37
2026-07-24T13:00,4.9,2.5,34,36
2026-07-24T14:00,3.0,1.7,34,36
2026-07-24T15:00,2.2,1.5,34,35
2026-07-24T16:00,1.9,1.4,32,34
2026-07-24T17:00,2.1,1.6,30,35
2026-07-24T18:00,3.2,2.7,27,37
2026-07-24T19:00,22.1,13.4,25,37
2026-07-24T20:00,22.4,13.6,24,36
2026-07-24T21:00,22.4,13.7,22,35
2026-07-24T22:00,22.8,14.4,19,33
2026-07-24T23:00,22.6,14.6,16,32
2026-07-25T00:00,21.6,14.2,13,33
2026-07-25T01:00,20.3,13.5,13,35
2026-07-25T02:00,18.9,12.7,13,36
2026-07-25T03:00,17.9,12.1,14,38
2026-07-25T04:00,17.3,11.7,14,40
2026-07-25T05:00,18.0,11.7,15,41
2026-07-25T06:00,18.7,11.9,15,43
2026-07-25T07:00,4.2,4.1,16,44
2026-07-25T08:00,5.7,5.6,16,45
2026-07-25T09:00,4.4,4.2,20,45
2026-07-25T10:00,4.0,3.4,26,46
2026-07-25T11:00,5.3,4.2,31,45
2026-07-25T12:00,5.1,4.0,35,45
2026-07-25T13:00,4.1,3.2,37,45
2026-07-25T14:00,3.5,2.8,39,45
2026-07-25T15:00,3.2,2.5,39,45
2026-07-25T16:00,2.9,2.3,38,46
2026-07-25T17:00,2.8,2.3,35,46
2026-07-25T18:00,2.7,2.3,31,46
2026-07-25T19:00,14.8,12.2,26,46
2026-07-25T20:00,13.5,10.9,25,46
2026-07-25T21:00,13.3,10.7,24,45
2026-07-25T22:00,13.4,10.9,23,44
2026-07-25T23:00,15.0,12.6,20,44
2026-07-26T00:00,16.2,14.1,17,43
2026-07-26T01:00,16.9,15.1,15,43
2026-07-26T02:00,17.4,15.8,16,43
2026-07-26T03:00,17.9,16.4,16,44
2026-07-26T04:00,18.6,17.1,16,45
2026-07-26T05:00,19.2,17.6,17,46
2026-07-26T06:00,19.8,17.9,17,48
2026-07-26T07:00,0.9,0.9,18,49
2026-07-26T08:00,4.6,3.8,17,48
2026-07-26T09:00,5.5,4.0,23,48
2026-07-26T10:00,4.6,3.5,30,48
2026-07-26T11:00,3.0,2.5,34,48
2026-07-26T12:00,2.6,2.3,36,48
2026-07-26T13:00,3.1,2.6,38,47
2026-07-26T14:00,3.5,3.0,40,47
2026-07-26T15:00,3.8,3.2,40,47
2026-07-26T16:00,3.9,3.3,38,47
2026-07-26T17:00,3.8,3.2,36,47
2026-07-26T18:00,3.2,2.9,32,48
2026-07-26T19:00,7.8,7.6,28,48
2026-07-26T20:00,7.5,7.2,27,47
2026-07-26T21:00,8.1,7.8,25,46
2026-07-26T22:00,9.4,8.8,22,45
2026-07-26T23:00,11.8,11.3,20,45
2026-07-27T00:00,13.9,13.3,16,44
2026-07-27T01:00,15.5,14.9,16,44
2026-07-27T02:00,17.1,16.5,16,44
2026-07-27T03:00,18.6,17.9,16,44
2026-07-27T04:00,20.1,19.3,16,45
2026-07-27T05:00,21.8,20.8,16,45
2026-07-27T06:00,23.5,22.4,17,46
2026-07-27T07:00,17.2,16.8,17,47
2026-07-27T08:00,18.3,17.5,18,50
2026-07-27T09:00,10.4,9.8,24,51
2026-07-27T10:00,6.8,6.1,32,52
2026-07-27T11:00,8.2,5.3,36,52
2026-07-27T12:00,8.8,5.3,37,52
2026-07-27T13:00,8.1,5.4,38,52
2026-07-27T14:00,7.7,5.6,38,53
2026-07-27T15:00,7.1,5.4,36,53
2026-07-27T16:00,5.9,4.7,35,53
2026-07-27T17:00,4.8,4.0,33,53
2026-07-27T18:00,6.6,6.0,30,53
2026-07-27T19:00,15.1,13.3,23,53
2026-07-27T20:00,15.4,13.9,22,54
2026-07-27T21:00,18.1,16.2,23,54
2026-07-27T22:00,20.4,17.9,23,55
2026-07-27T23:00,21.8,18.6,24,56
2026-07-28T00:00,22.5,18.4,25,56
2026-07-28T01:00,23.8,18.1,25,57
2026-07-28T02:00,25.8,17.9,25,57
2026-07-28T03:00,26.9,17.6,26,57
2026-07-28T04:00,29.0,17.4,26,57
2026-07-28T05:00,29.8,17.1,25,57
2026-07-28T06:00,32.1,17.3,25,57
2026-07-28T07:00,9.9,3.1,25,56
2026-07-28T08:00,14.5,5.4,23,55
2026-07-28T09:00,30.7,9.1,27,54
2026-07-28T10:00,29.1,8.9,35,54
2026-07-28T11:00,16.8,5.5,38,54
2026-07-28T12:00,12.7,4.8,38,54
2026-07-28T13:00,10.9,4.7,38,54
2026-07-28T14:00,9.3,4.5,38,54
2026-07-28T15:00,6.8,3.7,38,54
2026-07-28T16:00,4.3,2.7,36,54
2026-07-28T17:00,2.9,2.1,32,54
2026-07-28T18:00,4.1,3.4,26,54
2026-07-28T19:00,11.3,8.0,22,54
2026-07-28T20:00,12.0,8.9,21,53
2026-07-28T21:00,11.9,8.9,21,53
2026-07-28T22:00,12.1,8.7,20,52
2026-07-28T23:00,12.5,8.6,20,51
2026-07-29T00:00,12.7,8.1,19,51
2026-07-29T01:00,12.7,7.6,18,50
2026-07-29T02:00,12.7,7.2,17,47
2026-07-29T03:00,12.8,7.0,16,45
2026-07-29T04:00,12.7,6.8,15,42
2026-07-29T05:00,13.9,6.9,14,40
2026-07-29T06:00,15.1,7.3,13,37
2026-07-29T07:00,0.7,0.6,13,35
2026-07-29T08:00,5.8,2.2,14,35
2026-07-29T09:00,10.0,3.1,23,34
2026-07-29T10:00,9.7,2.9,30,32
2026-07-29T11:00,7.3,2.5,35,31
2026-07-29T12:00,6.5,2.7,38,30
2026-07-29T13:00,6.6,2.8,41,30
2026-07-29T14:00,7.0,3.0,43,29
2026-07-29T15:00,7.0,3.0,43,34
2026-07-29T16:00,6.5,2.8,41,38
2026-07-29T17:00,5.5,2.5,38,42
2026-07-29T18:00,3.9,2.2,33,44
2026-07-29T19:00,20.5,9.9,28,45
2026-07-29T20:00,16.7,9.3,25,44
2026-07-29T21:00,14.8,9.1,21,42
2026-07-29T22:00,14.1,9.2,18,39
2026-07-29T23:00,14.2,9.5,17,36
2026-07-30T00:00,14.4,9.7,16,32
2026-07-30T01:00,14.8,10.0,16,30
2026-07-30T02:00,15.1,10.3,16,31
2026-07-30T03:00,15.9,11.0,16,31
2026-07-30T04:00,16.6,11.7,16,32
2026-07-30T05:00,17.5,12.4,16,33
2026-07-30T06:00,18.6,13.3,16,35
2026-07-30T07:00,6.1,6.1,16,36
2026-07-30T08:00,6.1,6.0,21,37
2026-07-30T09:00,4.7,4.5,27,38
2026-07-30T10:00,3.3,2.9,33,39
2026-07-30T11:00,2.5,2.2,37,39
2026-07-30T12:00,3.5,2.9,41,38
2026-07-30T13:00,5.4,3.4,45,38
2026-07-30T14:00,6.1,3.6,46,39
2026-07-30T15:00,6.0,3.6,45,39
2026-07-30T16:00,5.9,3.6,43,42
2026-07-30T17:00,5.9,3.7,37,45
2026-07-30T18:00,5.6,3.9,32,46
2026-07-30T19:00,18.0,12.9,27,46
2026-07-30T20:00,19.5,14.2,29,45
2026-07-30T21:00,20.4,15.4,30,43
2026-07-30T22:00,20.8,16.1,30,43
2026-07-30T23:00,21.4,16.9,25,45
2026-07-31T00:00,21.2,17.1,18,46
2026-07-31T01:00,19.9,16.6,17,48
2026-07-31T02:00,18.3,15.9,18,50
2026-07-31T03:00,17.9,16.0,18,50
2026-07-31T04:00,17.5,15.8,19,51
2026-07-31T05:00,18.3,15.8,19,51
2026-07-31T06:00,19.3,15.3,19,51
2026-07-31T07:00,12.0,7.3,20,51
2026-07-31T08:00,15.6,7.1,20,52
2026-07-31T09:00,21.8,7.1,30,52
2026-07-31T10:00,29.2,7.9,39,52
2026-07-31T11:00,28.1,7.9,43,52
2026-07-31T12:00,23.5,7.5,43,53
2026-07-31T13:00,18.4,6.4,42,53
2026-07-31T14:00,13.2,5.0,40,53
2026-07-31T15:00,7.9,3.6,38,53
2026-07-31T16:00,7.1,2.9,36,53
2026-07-31T17:00,12.2,3.3,34,53
2026-07-31T18:00,15.3,3.7,33,53
2026-07-31T19:00,19.3,5.1,30,53
2026-07-31T20:00,19.5,4.9,29,53
2026-07-31T21:00,19.3,4.8,27,52
2026-07-31T22:00,20.2,5.2,24,51
2026-07-31T23:00,21.2,6.0,22,50
2026-08-01T00:00,21.8,6.6,19,48
2026-08-01T01:00,22.9,7.1,18,46
2026-08-01T02:00,23.6,7.5,18,44
2026-08-01T03:00,23.6,7.9,19,42
2026-08-01T04:00,23.4,8.4,19,40
2026-08-01T05:00,23.2,8.9,19,38
2026-08-01T06:00,16.6,6.9,19,36
2026-08-01T07:00,7.3,3.4,19,34
2026-08-01T08:00,3.1,1.5,19,34
2026-08-01T09:00,19.7,5.0,25,32
2026-08-01T10:00,20.0,4.9,33,32
2026-08-01T11:00,13.4,3.7,35,31
2026-08-01T12:00,8.2,2.7,34,30
2026-08-01T13:00,6.1,2.3,33,29
2026-08-01T14:00,5.2,2.2,34,28
2026-08-01T15:00,4.8,2.1,34,31
2026-08-01T16:00,4.8,2.1,34,35
2026-08-01T17:00,4.9,2.2,32,38
2026-08-01T18:00,4.9,2.4,29,39
2026-08-01T19:00,9.9,3.8,29,38
2026-08-01T20:00,9.9,3.9,28,37
2026-08-01T21:00,9.8,4.0,26,36
2026-08-01T22:00,9.4,4.2,24,35
2026-08-01T23:00,8.9,4.5,20,34
2026-08-02T00:00,8.6,4.5,15,32
2026-08-02T01:00,8.7,4.5,12,29
2026-08-02T02:00,9.0,4.4,12,26
2026-08-02T03:00,9.5,4.3,11,24
2026-08-02T04:00,10.4,4.3,10,22
2026-08-02T05:00,12.2,4.5,10,21
2026-08-02T06:00,15.4,5.9,10,20
2026-08-02T07:00,8.9,3.0,13,20
2026-08-02T08:00,10.5,3.2,17,20
2026-08-02T09:00,14.2,4.0,22,21
2026-08-02T10:00,13.3,4.3,28,20
2026-08-02T11:00,10.1,3.7,32,20
2026-08-02T12:00,9.2,3.3,35,20
2026-08-02T13:00,10.9,3.5,38,24
2026-08-02T14:00,10.6,3.4,38,28
2026-08-02T15:00,10.1,3.3,38,32
2026-08-02T16:00,8.2,2.7,36,36
2026-08-02T17:00,6.1,2.2,35,39
2026-08-02T18:00,5.8,2.7,32,40
2026-08-02T19:00,8.4,3.8,27,41
2026-08-02T20:00,9.5,3.7,25,40
2026-08-02T21:00,10.9,4.0,22,39
2026-08-02T22:00,12.4,4.3,18,37
2026-08-02T23:00,13.2,4.5,15,34
2026-08-03T00:00,13.4,4.5,12,30
2026-08-03T01:00,13.4,4.3,10,27
2026-08-03T02:00,13.1,4.0,11,23
2026-08-03T03:00,12.6,3.8,11,21
2026-08-03T04:00,12.0,3.6,11,21
2026-08-03T05:00,11.6,3.4,11,21
2026-08-03T06:00,11.5,3.5,11,21
2026-08-03T07:00,0.7,0.7,11,20
2026-08-03T08:00,3.7,1.4,13,20
2026-08-03T09:00,9.2,2.2,21,19
2026-08-03T10:00,10.0,2.2,28,19
2026-08-03T11:00,6.3,1.5,33,18
2026-08-03T12:00,4.6,1.3,36,18
2026-08-03T13:00,4.1,1.3,38,21
2026-08-03T14:00,3.7,1.2,40,26
2026-08-03T15:00,3.2,1.1,41,31
2026-08-03T16:00,2.9,1.2,40,36
2026-08-03T17:00,2.9,1.4,37,40
2026-08-03T18:00,3.4,2.2,33,42
2026-08-03T19:00,9.3,4.7,27,43
2026-08-03T20:00,10.2,5.2,26,42
2026-08-03T21:00,10.9,5.8,24,41
2026-08-03T22:00,11.5,6.7,21,39
2026-08-03T23:00,11.9,7.6,17,36
2026-08-04T00:00,11.8,8.1,14,32
2026-08-04T01:00,11.5,8.2,16,29
2026-08-04T02:00,11.4,8.3,17,24
2026-08-04T03:00,11.4,8.4,17,21
2026-08-04T04:00,11.6,8.4,16,21
2026-08-04T05:00,12.4,8.5,14,22
2026-08-04T06:00,13.8,8.9,11,23
2026-08-04T07:00,4.9,3.1,9,25
2026-08-04T08:00,7.8,3.7,13,25
2026-08-04T09:00,16.2,6.3,21,26
2026-08-04T10:00,18.0,6.9,28,27
2026-08-04T11:00,16.8,6.4,33,28
2026-08-04T12:00,15.0,6.1,36,29
2026-08-04T13:00,14.6,6.0,39,30
2026-08-04T14:00,13.2,5.4,40,31
2026-08-04T15:00,12.3,5.1,40,32
2026-08-04T16:00,11.9,5.1,39,36
2026-08-04T17:00,11.6,5.4,37,40
2026-08-04T18:00,10.9,5.9,34,42
2026-08-04T19:00,21.0,11.3,28,43
2026-08-04T20:00,20.6,12.0,25,42
2026-08-04T21:00,21.0,12.7,20,41
2026-08-04T22:00,21.5,13.4,16,40
2026-08-04T23:00,21.9,13.8,15,42
2026-08-05T00:00,22.2,14.1,17,43
2026-08-05T01:00,22.4,13.8,18,45
2026-08-05T02:00,22.9,13.5,17,46
2026-08-05T03:00,23.4,12.6,17,47
2026-08-05T04:00,23.6,11.3,17,48
2026-08-05T05:00,24.2,10.1,18,49
2026-08-05T06:00,26.5,10.0,18,49
2026-08-05T07:00,16.1,15.9,18,50
2026-08-05T08:00,25.1,20.5,19,51
2026-08-05T09:00,39.7,24.1,26,52
2026-08-05T10:00,42.1,25.2,35,54
2026-08-05T11:00,37.3,22.3,39,55
2026-08-05T12:00,33.4,23.2,41,56
2026-08-05T13:00,28.3,22.3,43,58
2026-08-05T14:00,27.6,23.3,47,59
2026-08-05T15:00,28.0,24.6,49,60
2026-08-05T16:00,27.1,24.0,47,62
2026-08-05T17:00,26.0,23.3,39,63
2026-08-05T18:00,36.6,34.7,34,65
2026-08-05T19:00,69.6,61.9,36,67
2026-08-05T20:00,71.0,63.6,40,71
2026-08-05T21:00,70.8,64.0,49,75
2026-08-05T22:00,68.2,61.7,58,79
2026-08-05T23:00,65.2,58.9,61,83
2026-08-06T00:00,62.4,56.3,63,86
2026-08-06T01:00,60.3,54.1,64,90
2026-08-06T02:00,59.0,52.2,65,93
2026-08-06T03:00,58.8,51.0,67,96
2026-08-06T04:00,59.5,50.5,68,99
2026-08-06T05:00,61.9,50.5,69,103
2026-08-06T06:00,65.0,51.8,71,107
2026-08-06T07:00,0.2,0.2,72,111
2026-08-06T08:00,5.2,2.0,71,110
2026-08-06T09:00,11.1,3.5,71,108
2026-08-06T10:00,12.7,5.0,70,106
2026-08-06T11:00,11.9,5.9,69,103
2026-08-06T12:00,9.1,5.3,69,102
2026-08-06T13:00,6.7,4.3,68,100
2026-08-06T14:00,5.5,3.9,68,98
2026-08-06T15:00,4.7,3.5,67,97
2026-08-06T16:00,3.8,3.0,66,95
2026-08-06T17:00,3.4,2.8,66,94
2026-08-06T18:00,5.0,4.5,65,92
2026-08-06T19:00,18.3,13.4,64,90
2026-08-06T20:00,19.1,14.3,62,86
2026-08-06T21:00,19.7,15.3,61,82
2026-08-06T22:00,20.1,16.1,56,78
2026-08-06T23:00,20.1,16.6,48,75
2026-08-07T00:00,19.4,16.5,41,71
2026-08-07T01:00,18.4,16.1,37,68
2026-08-07T02:00,17.6,15.4,34,65
2026-08-07T03:00,16.7,14.6,31,62
2026-08-07T04:00,15.8,13.8,28,59
2026-08-07T05:00,15.3,13.1,25,56
2026-08-07T06:00,15.1,12.7,22,54
2026-08-07T07:00,1.0,1.0,18,50
2026-08-07T08:00,3.5,3.4,19,51
2026-08-07T09:00,4.2,3.7,20,51
2026-08-07T10:00,3.1,2.9,27,51
2026-08-07T11:00,2.9,2.8,31,50
2026-08-07T12:00,2.6,2.6,34,50
2026-08-07T13:00,3.0,2.9,36,50
2026-08-07T14:00,3.6,3.2,38,50
2026-08-07T15:00,3.6,3.2,38,50
2026-08-07T16:00,3.6,3.3,38,50
2026-08-07T17:00,3.9,3.5,34,50
2026-08-07T18:00,6.1,5.7,29,50
2026-08-07T19:00,13.4,12.1,30,50
2026-08-07T20:00,17.0,15.8,30,50
2026-08-07T21:00,20.5,19.4,31,50
2026-08-07T22:00,21.0,19.9,30,50
2026-08-07T23:00,19.5,18.5,24,51
2026-08-08T00:00,17.8,16.8,19,51
2026-08-08T01:00,16.5,15.3,19,51
2026-08-08T02:00,15.8,14.0,19,51
2026-08-08T03:00,15.9,13.0,19,51
2026-08-08T04:00,17.7,12.5,19,51
2026-08-08T05:00,21.1,12.6,18,50
2026-08-08T06:00,25.0,12.9,18,50
2026-08-08T07:00,1.4,0.8,18,50
2026-08-08T08:00,11.2,3.7,18,50
2026-08-08T09:00,23.7,6.5,24,50
2026-08-08T10:00,26.1,7.6,32,51
2026-08-08T11:00,20.4,6.8,38,51
2026-08-08T12:00,14.1,5.5,43,51
2026-08-08T13:00,12.1,6.1,47,52
2026-08-08T14:00,11.6,6.7,49,52
2026-08-08T15:00,10.7,6.5,49,52
2026-08-08T16:00,9.8,6.2,47,52
2026-08-08T17:00,8.9,5.9,43,53
2026-08-08T18:00,9.1,6.0,38,53
2026-08-08T19:00,15.4,8.8,35,53
2026-08-08T20:00,15.5,9.3,35,52
2026-08-08T21:00,17.0,11.1,34,52
2026-08-08T22:00,18.0,12.5,31,51
2026-08-08T23:00,17.9,13.0,26,51
2026-08-09T00:00,17.0,12.6,19,50
2026-08-09T01:00,15.9,11.9,18,50
2026-08-09T02:00,15.3,11.1,18,49
2026-08-09T03:00,15.0,10.3,17,49
2026-08-09T04:00,15.5,10.1,17,48
2026-08-09T05:00,16.8,10.0,17,47
2026-08-09T06:00,20.4,10.7,17,47
2026-08-09T07:00,5.1,2.2,17,46
2026-08-09T08:00,11.8,4.6,17,47
2026-08-09T09:00,18.6,5.0,24,47
2026-08-09T10:00,19.9,5.9,32,46
2026-08-09T11:00,18.9,6.0,36,46
2026-08-09T12:00,14.5,5.0,38,46
2026-08-09T13:00,8.8,3.6,40,46
2026-08-09T14:00,6.1,3.1,40,45
2026-08-09T15:00,4.5,2.8,39,44
2026-08-09T16:00,3.5,2.6,37,43
2026-08-09T17:00,3.0,2.4,35,43
2026-08-09T18:00,3.4,3.0,32,43
2026-08-09T19:00,10.4,9.9,26,43
2026-08-09T20:00,9.4,8.9,24,42
2026-08-09T21:00,8.0,7.7,20,41
2026-08-09T22:00,7.6,7.4,17,40
2026-08-09T23:00,7.8,7.5,15,39
2026-08-10T00:00,8.2,8.0,14,38
2026-08-10T01:00,8.7,8.4,13,37
2026-08-10T02:00,9.2,8.9,13,36
2026-08-10T03:00,9.5,9.1,13,36
2026-08-10T04:00,9.7,9.2,13,35
2026-08-10T05:00,10.2,9.6,13,35
2026-08-10T06:00,10.7,9.9,13,35
2026-08-10T07:00,4.8,3.2,13,35
2026-08-10T08:00,5.7,3.7,13,35
2026-08-10T09:00,4.4,3.1,22,35
2026-08-10T10:00,2.1,1.6,28,34
2026-08-10T11:00,0.9,0.8,29,33
2026-08-10T12:00,0.7,0.6,29,32
2026-08-10T13:00,0.6,0.6,28,31
2026-08-10T14:00,0.8,0.8,28,31
2026-08-10T15:00,1.0,1.0,28,30
2026-08-10T16:00,1.2,1.1,28,30
2026-08-10T17:00,1.3,1.2,27,32
2026-08-10T18:00,1.5,1.4,25,33
2026-08-10T19:00,4.0,3.5,23,32
2026-08-10T20:00,3.3,3.0,23,31
2026-08-10T21:00,3.0,2.6,22,30
2026-08-10T22:00,2.6,2.3,22,30
2026-08-10T23:00,2.2,2.0,21,29
2026-08-11T00:00,1.9,1.7,20,28
2026-08-11T01:00,1.8,1.6,20,27
2026-08-11T02:00,1.7,1.5,20,26
2026-08-11T03:00,1.6,1.5,20,25
2026-08-11T04:00,1.4,1.4,20,24
2026-08-11T05:00,1.2,1.2,20,24
2026-08-11T06:00,1.2,1.2,20,23
2026-08-11T07:00,1.4,1.3,16,23
2026-08-11T08:00,0.6,0.6,20,22
2026-08-11T09:00,0.4,0.4,27,22
2026-08-11T10:00,0.6,0.5,32,23
2026-08-11T11:00,0.9,0.7,34,25
2026-08-11T12:00,1.2,1.0,35,27
2026-08-11T13:00,1.4,1.2,36,30
2026-08-11T14:00,1.7,1.5,36,32
2026-08-11T15:00,2.0,1.7,37,34
2026-08-11T16:00,2.2,1.9,36,37
2026-08-11T17:00,2.1,1.8,34,40
2026-08-11T18:00,2.1,1.8,32,41
2026-08-11T19:00,7.0,6.1,28,41
2026-08-11T20:00,6.8,5.9,27,40
2026-08-11T21:00,6.9,6.0,26,39
2026-08-11T22:00,7.0,6.1,24,37
2026-08-11T23:00,7.2,6.2,23,35
2026-08-12T00:00,7.5,6.4,22,33
2026-08-12T01:00,7.7,6.5,21,31
2026-08-12T02:00,7.7,6.6,20,29
2026-08-12T03:00,7.9,6.9,19,27
2026-08-12T04:00,8.3,7.4,18,26
2026-08-12T05:00,8.5,7.7,18,25
2026-08-12T06:00,8.1,7.4,18,24
2026-08-12T07:00,4.6,4.4,18,23
2026-08-12T08:00,2.8,2.7,22,22
2026-08-12T09:00,1.5,1.4,29,23
2026-08-12T10:00,1.1,1.0,34,23
2026-08-12T11:00,0.9,0.8,36,25
2026-08-12T12:00,0.8,0.7,35,28
2026-08-12T13:00,1.2,0.9,35,30
2026-08-12T14:00,1.3,0.9,34,33
2026-08-12T15:00,1.2,0.9,34,35
2026-08-12T16:00,1.3,0.9,32,38
2026-08-12T17:00,1.4,1.1,29,39
2026-08-12T18:00,1.6,1.3,26,39
2026-08-12T19:00,2.3,1.8,22,38
2026-08-12T20:00,2.5,2.1,21,36
2026-08-12T21:00,2.6,2.4,20,34
2026-08-12T22:00,2.9,2.6,17,31
2026-08-12T23:00,3.3,3.1,14,29
2026-08-13T00:00,4.0,3.6,10,26
2026-08-13T01:00,5.2,4.3,11,23
2026-08-13T02:00,6.4,4.9,12,20
2026-08-13T03:00,7.5,5.2,13,16
2026-08-13T04:00,8.6,5.4,13,16
2026-08-13T05:00,10.0,5.7,12,16
2026-08-13T06:00,11.9,6.3,9,15
2026-08-13T07:00,4.4,2.1,8,15
2026-08-13T08:00,6.8,2.1,15,14
2026-08-13T09:00,3.8,1.2,25,14
2026-08-13T10:00,1.8,0.7,32,14
2026-08-13T11:00,1.1,0.6,34,14
2026-08-13T12:00,0.8,0.5,34,18
2026-08-13T13:00,0.8,0.5,34,22
2026-08-13T14:00,0.8,0.6,35,27
2026-08-13T15:00,0.8,0.6,35,31
2026-08-13T16:00,0.8,0.6,34,35
2026-08-13T17:00,0.8,0.6,32,38
2026-08-13T18:00,0.8,0.7,28,39
2026-08-13T19:00,10.0,9.0,22,39
2026-08-13T20:00,8.6,7.8,20,37
2026-08-13T21:00,7.7,7.0,17,35
2026-08-13T22:00,7.5,6.6,15,33
2026-08-13T23:00,7.7,6.4,14,30
2026-08-14T00:00,8.6,6.5,13,27
2026-08-14T01:00,9.4,6.4,13,23
2026-08-14T02:00,11.5,6.7,13,21
2026-08-14T03:00,13.2,7.0,13,21
2026-08-14T04:00,14.1,7.4,13,21
2026-08-14T05:00,15.8,8.1,11,22
2026-08-14T06:00,16.7,8.7,9,22
2026-08-14T07:00,6.3,3.2,10,23
2026-08-14T08:00,10.3,5.3,16,23
2026-08-14T09:00,15.1,4.4,25,24
2026-08-14T10:00,12.7,3.9,32,25
2026-08-14T11:00,13.6,4.2,36,25
2026-08-14T12:00,16.2,5.5,38,26
2026-08-14T13:00,15.2,6.0,39,27
2026-08-14T14:00,13.1,5.8,39,30
2026-08-14T15:00,11.0,5.4,39,34
2026-08-14T16:00,9.3,4.9,38,38
2026-08-14T17:00,8.2,4.2,35,41
2026-08-14T18:00,6.4,3.2,30,43
2026-08-14T19:00,9.7,7.5,22,43
2026-08-14T20:00,6.9,5.8,20,41
2026-08-14T21:00,6.3,5.6,18,38
2026-08-14T22:00,5.9,5.5,16,35
2026-08-14T23:00,5.7,5.3,15,32
2026-08-15T00:00,5.5,5.1,15,32
2026-08-15T01:00,5.8,5.3,14,31
2026-08-15T02:00,6.6,5.9,14,31
2026-08-15T03:00,7.9,6.5,13,31
2026-08-15T04:00,9.6,7.4,12,31
2026-08-15T05:00,12.7,9.5,11,31
2026-08-15T06:00,15.3,11.1,11,31
2026-08-15T07:00,10.0,6.3,11,32
2026-08-15T08:00,14.2,7.1,15,32
2026-08-15T09:00,17.2,6.4,24,33
2026-08-15T10:00,17.0,6.3,31,33
2026-08-15T11:00,14.2,5.1,34,34
2026-08-15T12:00,8.2,3.2,35,34
2026-08-15T13:00,5.0,2.3,35,33
2026-08-15T14:00,3.1,1.7,36,33
2026-08-15T15:00,2.0,1.4,36,32
2026-08-15T16:00,1.4,1.1,35,36
2026-08-15T17:00,1.3,1.0,32,38
2026-08-15T18:00,1.8,1.4,28,40
2026-08-15T19:00,14.5,12.7,24,39
2026-08-15T20:00,14.0,12.4,24,38
2026-08-15T21:00,13.9,12.4,22,36
2026-08-15T22:00,14.5,13.0,20,34
2026-08-15T23:00,15.4,13.4,17,35
2026-08-16T00:00,16.1,13.3,14,37
2026-08-16T01:00,16.8,12.8,14,38
2026-08-16T02:00,17.1,12.3,14,40
2026-08-16T03:00,16.9,11.7,15,42
2026-08-16T04:00,16.6,11.0,15,43
2026-08-16T05:00,17.6,10.7,16,44
2026-08-16T06:00,18.4,10.6,16,44
2026-08-16T07:00,12.6,5.9,16,44
2026-08-16T08:00,15.6,6.4,17,44
2026-08-16T09:00,15.3,6.0,25,44
2026-08-16T10:00,10.0,4.0,32,44
2026-08-16T11:00,4.8,2.2,35,43
2026-08-16T12:00,2.4,1.4,36,42
2026-08-16T13:00,1.6,1.1,36,42
2026-08-16T14:00,1.2,1.0,37,42
2026-08-16T15:00,1.2,1.0,36,41
2026-08-16T16:00,1.2,1.0,36,41
2026-08-16T17:00,1.2,0.9,34,41
2026-08-16T18:00,1.3,1.1,33,41
2026-08-16T19:00,11.2,10.0,30,41
2026-08-16T20:00,10.9,10.2,28,41
2026-08-16T21:00,11.2,10.6,26,40
2026-08-16T22:00,10.7,10.2,23,40
2026-08-16T23:00,9.4,9.0,21,39
2026-08-17T00:00,7.7,7.4,18,38
2026-08-17T01:00,6.1,5.9,17,37
2026-08-17T02:00,4.9,4.8,16,35
2026-08-17T03:00,4.1,4.0,16,33
2026-08-17T04:00,3.7,3.6,16,32
2026-08-17T05:00,3.3,3.2,15,30
2026-08-17T06:00,3.1,3.0,14,28
2026-08-17T07:00,5.0,4.8,13,26
2026-08-17T08:00,3.1,2.9,16,26
2026-08-17T09:00,1.6,1.5,22,25
2026-08-17T10:00,1.1,1.0,26,24
2026-08-17T11:00,0.9,0.9,27,24
2026-08-17T12:00,0.9,0.9,27,23
2026-08-17T13:00,1.0,1.0,27,23
2026-08-17T14:00,1.1,1.1,27,25
2026-08-17T15:00,1.2,1.2,26,27
2026-08-17T16:00,1.3,1.2,25,29
2026-08-17T17:00,1.3,1.3,24,30
2026-08-17T18:00,1.3,1.3,22,30
2026-08-17T19:00,8.1,7.8,19,30
2026-08-17T20:00,6.9,6.7,18,29
2026-08-17T21:00,6.3,6.2,17,27
2026-08-17T22:00,5.9,5.8,16,26
2026-08-17T23:00,5.3,5.2,15,24
2026-08-18T00:00,4.7,4.5,15,22
2026-08-18T01:00,4.0,3.9,15,21
2026-08-18T02:00,3.3,3.2,15,20
2026-08-18T03:00,2.7,2.6,15,19
2026-08-18T04:00,2.2,2.1,15,18
2026-08-18T05:00,1.6,1.6,15,18
2026-08-18T06:00,1.2,1.2,15,17
2026-08-18T07:00,0.5,0.4,15,17
2026-08-18T08:00,0.3,0.3,18,17
2026-08-18T09:00,0.3,0.2,22,18
2026-08-18T10:00,0.4,0.3,25,19
2026-08-18T11:00,0.6,0.5,26,20
2026-08-18T12:00,0.7,0.6,27,22
2026-08-18T13:00,0.8,0.7,28,24
2026-08-18T14:00,1.0,0.9,29,26
2026-08-18T15:00,1.2,1.1,29,28
2026-08-18T16:00,1.2,1.1,30,30
2026-08-18T17:00,1.1,0.9,29,31
2026-08-18T18:00,1.5,1.1,28,32
2026-08-18T19:00,12.5,10.8,20,33
2026-08-18T20:00,13.5,11.3,20,32
2026-08-18T21:00,14.5,11.0,19,31
2026-08-18T22:00,15.7,10.5,18,30
2026-08-18T23:00,16.8,9.8,18,28
2026-08-19T00:00,17.5,9.3,19,26
2026-08-19T01:00,17.9,8.9,19,25
2026-08-19T02:00,17.9,8.5,19,23
2026-08-19T03:00,17.6,8.1,19,22
2026-08-19T04:00,18.8,7.9,18,23
2026-08-19T05:00,13.9,6.4,16,25
2026-08-19T06:00,7.9,4.1,13,26
2026-08-19T07:00,7.7,3.5,13,27
2026-08-19T08:00,9.8,3.7,19,27
2026-08-19T09:00,12.1,4.7,26,28
2026-08-19T10:00,10.0,4.3,31,29
2026-08-19T11:00,7.6,3.3,32,30
2026-08-19T12:00,5.2,2.3,31,31
2026-08-19T13:00,2.9,1.3,29,31
2026-08-19T14:00,1.3,0.6,28,31
2026-08-19T15:00,0.7,0.4,27,31
2026-08-19T16:00,1.0,0.4,26,32
2026-08-19T17:00,2.1,0.6,26,34
2026-08-19T18:00,3.1,0.8,25,33
2026-08-19T19:00,2.7,0.7,22,33
2026-08-19T20:00,3.6,0.9,21,31
2026-08-19T21:00,4.9,1.4,19,30
2026-08-19T22:00,6.3,2.2,17,28
2026-08-19T23:00,7.7,3.0,15,27
2026-08-20T00:00,8.9,3.3,13,25
2026-08-20T01:00,10.0,3.6,11,23
2026-08-20T02:00,10.6,3.8,10,21
2026-08-20T03:00,11.1,3.8,10,18
2026-08-20T04:00,11.5,3.9,10,16
2026-08-20T05:00,11.8,4.0,9,15
2026-08-20T06:00,12.5,4.3,9,14
2026-08-20T07:00,8.4,3.1,10,14
2026-08-20T08:00,9.2,2.9,15,14
2026-08-20T09:00,9.6,2.5,22,14
2026-08-20T10:00,7.8,2.2,27,13
2026-08-20T11:00,5.1,1.6,28,16
2026-08-20T12:00,3.2,1.3,28,18
2026-08-20T13:00,2.6,1.3,28,22
2026-08-20T14:00,2.2,1.3,28,24
2026-08-20T15:00,1.8,1.2,28,27
2026-08-20T16:00,1.1,0.9,26,30
2026-08-20T17:00,0.9,0.7,23,31
2026-08-20T18:00,1.7,1.4,19,31
2026-08-20T19:00,14.6,6.7,16,30
2026-08-20T20:00,13.9,6.8,16,29
2026-08-20T21:00,13.5,6.9,14,27
2026-08-20T22:00,13.6,7.0,13,25
2026-08-20T23:00,13.2,7.1,11,23
2026-08-21T00:00,12.6,6.8,9,20
2026-08-21T01:00,12.0,6.3,10,20
2026-08-21T02:00,11.5,5.7,11,20
2026-08-21T03:00,11.1,5.2,11,21
2026-08-21T04:00,10.8,4.9,11,21
2026-08-21T05:00,10.6,4.7,10,21
2026-08-21T06:00,10.8,4.7,8,21
2026-08-21T07:00,2.8,1.8,10,22
2026-08-21T08:00,5.6,2.5,14,21
2026-08-21T09:00,7.9,2.4,20,21
2026-08-21T10:00,7.8,2.5,26,21
2026-08-21T11:00,6.3,2.3,29,21
2026-08-21T12:00,6.2,2.4,32,21
2026-08-21T13:00,8.8,3.6,35,22
2026-08-21T14:00,9.9,4.2,36,25
2026-08-21T15:00,9.8,4.3,37,30
2026-08-21T16:00,9.3,4.2,36,33
2026-08-21T17:00,8.0,3.9,32,37
2026-08-21T18:00,5.6,3.1,27,38
2026-08-21T19:00,2.5,2.0,20,38
2026-08-21T20:00,2.6,1.7,19,37
2026-08-21T21:00,3.0,2.0,17,35
2026-08-21T22:00,4.2,3.2,15,33
2026-08-21T23:00,5.6,4.7,13,29
2026-08-22T00:00,6.9,6.0,12,26
2026-08-22T01:00,8.2,7.2,11,22
2026-08-22T02:00,9.3,8.1,11,21
2026-08-22T03:00,9.9,8.6,12,21
2026-08-22T04:00,10.2,8.8,13,22
2026-08-22T05:00,10.6,9.1,14,23
2026-08-22T06:00,11.3,9.7,14,24
2026-08-22T07:00,13.4,12.0,10,25
2026-08-22T08:00,12.2,10.8,16,27
2026-08-22T09:00,7.4,6.6,24,29
2026-08-22T10:00,4.9,4.0,31,30
2026-08-22T11:00,3.7,2.8,35,31
2026-08-22T12:00,3.3,2.5,37,31
2026-08-22T13:00,3.1,2.3,38,31
2026-08-22T14:00,3.0,2.3,38,31
2026-08-22T15:00,3.1,2.4,36,33
2026-08-22T16:00,3.6,2.9,34,37
2026-08-22T17:00,3.7,3.1,29,40
2026-08-22T18:00,2.7,2.3,23,40
2026-08-22T19:00,8.7,6.4,17,39
2026-08-22T20:00,6.1,4.7,16,36
2026-08-22T21:00,5.8,4.7,14,33
2026-08-22T22:00,6.1,5.2,13,31
2026-08-22T23:00,6.8,6.1,12,32
2026-08-23T00:00,7.7,7.0,12,32
2026-08-23T01:00,8.5,7.9,12,32
2026-08-23T02:00,9.6,8.9,12,32
2026-08-23T03:00,11.2,9.8,12,33
2026-08-23T04:00,13.1,10.6,12,33
2026-08-23T05:00,15.0,11.2,12,33
2026-08-23T06:00,16.7,11.7,12,34
2026-08-23T07:00,17.2,9.7,13,34
2026-08-23T08:00,10.9,6.3,16,34
2026-08-23T09:00,2.6,1.5,20,33
2026-08-23T10:00,1.2,0.9,24,32
2026-08-23T11:00,0.8,0.6,26,31
2026-08-23T12:00,0.6,0.5,27,30
2026-08-23T13:00,0.5,0.4,27,30
2026-08-23T14:00,0.4,0.3,27,29
2026-08-23T15:00,0.4,0.3,27,29
2026-08-23T16:00,0.4,0.3,26,28
2026-08-23T17:00,0.3,0.3,25,30
2026-08-23T18:00,0.4,0.3,24,30
2026-08-23T19:00,4.9,4.8,21,30
2026-08-23T20:00,4.8,4.6,20,30
2026-08-23T21:00,4.9,4.7,18,29
2026-08-23T22:00,5.0,4.7,16,27
2026-08-23T23:00,4.9,4.6,15,26
2026-08-24T00:00,4.6,4.4,14,26
2026-08-24T01:00,4.2,4.1,14,25
2026-08-24T02:00,3.9,3.9,13,24
2026-08-24T03:00,3.6,3.5,13,23
2026-08-24T04:00,3.4,3.3,12,22
2026-08-24T05:00,3.3,3.2,11,20
2026-08-24T06:00,3.5,3.4,10,18
2026-08-24T07:00,8.0,6.7,8,16
2026-08-24T08:00,5.2,4.4,13,16
2026-08-24T09:00,3.3,2.9,20,15
2026-08-24T10:00,2.3,1.9,26,16
2026-08-24T11:00,1.5,1.2,29,16
2026-08-24T12:00,1.1,0.9,30,19
2026-08-24T13:00,1.0,0.7,31,21
2026-08-24T14:00,0.9,0.7,32,24
2026-08-24T15:00,1.0,0.7,32,27
2026-08-24T16:00,0.9,0.7,32,31
2026-08-24T17:00,1.3,0.7,32,34
2026-08-24T18:00,3.3,1.2,31,35
2026-08-24T19:00,9.4,5.4,27,36
2026-08-24T20:00,8.6,5.2,25,36
2026-08-24T21:00,6.5,4.7,22,35
2026-08-24T22:00,5.2,4.1,19,34
2026-08-24T23:00,4.8,3.6,18,32
2026-08-25T00:00,4.7,3.2,16,30
2026-08-25T01:00,5.5,3.1,16,28
2026-08-25T02:00,7.1,3.5,16,25
2026-08-25T03:00,9.5,4.0,17,23
2026-08-25T04:00,12.7,4.8,17,22
2026-08-25T05:00,15.5,5.9,16,20
2026-08-25T06:00,19.9,7.1,14,19
2026-08-25T07:00,28.6,9.2,15,19
2026-08-25T08:00,36.8,9.9,21,18
2026-08-25T09:00,35.2,9.6,28,20
2026-08-25T10:00,29.4,8.7,34,21
2026-08-25T11:00,24.7,7.7,37,23
2026-08-25T12:00,20.4,6.4,38,26
2026-08-25T13:00,14.1,4.4,38,29
2026-08-25T14:00,8.1,2.7,38,32
2026-08-25T15:00,4.0,1.6,36,36
2026-08-25T16:00,2.2,1.2,34,39
2026-08-25T17:00,2.3,1.2,32,41
2026-08-25T18:00,3.8,2.0,29,42
2026-08-25T19:00,12.3,5.9,23,41
2026-08-25T20:00,14.2,6.9,21,39
2026-08-25T21:00,14.9,7.3,18,36
2026-08-25T22:00,15.8,7.6,15,34
2026-08-25T23:00,16.6,7.8,14,30
2026-08-26T00:00,17.3,7.7,15,30
2026-08-26T01:00,18.2,7.6,15,32
2026-08-26T02:00,19.3,7.5,16,33
2026-08-26T03:00,20.5,7.4,16,33
2026-08-26T04:00,21.8,7.4,17,34
2026-08-26T05:00,23.1,7.7,17,35
2026-08-26T06:00,25.6,8.4,18,35
2026-08-26T07:00,1.5,1.5,18,36
2026-08-26T08:00,8.6,2.8,17,34
2026-08-26T09:00,20.4,4.8,24,32
2026-08-26T10:00,24.2,5.7,31,31
2026-08-26T11:00,19.5,5.1,33,30
2026-08-26T12:00,13.8,3.7,32,30
2026-08-26T13:00,9.1,2.5,32,29
2026-08-26T14:00,5.7,1.7,32,29
2026-08-26T15:00,4.3,1.5,32,30
2026-08-26T16:00,3.8,1.4,31,33
2026-08-26T17:00,3.7,1.5,29,36
2026-08-26T18:00,4.7,2.6,25,36
2026-08-26T19:00,17.2,8.1,25,36
2026-08-26T20:00,18.0,9.2,23,34
2026-08-26T21:00,17.8,9.7,20,33
2026-08-26T22:00,17.7,10.7,18,32
2026-08-26T23:00,17.1,11.1,15,31
2026-08-27T00:00,16.7,11.3,15,32
2026-08-27T01:00,16.7,11.2,15,33
2026-08-27T02:00,16.9,11.1,15,33
2026-08-27T03:00,17.5,11.0,16,34
2026-08-27T04:00,19.2,11.5,16,35
2026-08-27T05:00,23.8,13.0,14,36
2026-08-27T06:00,27.2,14.1,14,37
2026-08-27T07:00,27.7,14.6,14,39
2026-08-27T08:00,29.6,13.8,18,42
2026-08-27T09:00,27.4,11.5,26,44
2026-08-27T10:00,25.1,10.7,33,46
2026-08-27T11:00,26.9,10.9,37,47
2026-08-27T12:00,26.6,10.8,41,48
2026-08-27T13:00,23.5,10.4,45,50
2026-08-27T14:00,22.1,10.5,47,51
2026-08-27T15:00,21.7,10.7,47,51
2026-08-27T16:00,21.1,10.7,45,52
2026-08-27T17:00,16.5,9.1,39,53
2026-08-27T18:00,11.4,7.0,33,53
2026-08-27T19:00,24.4,18.7,26,54
2026-08-27T20:00,24.4,19.5,23,55
2026-08-27T21:00,24.2,20.0,24,55
2026-08-27T22:00,24.3,20.2,24,56
2026-08-27T23:00,24.5,20.2,25,57
2026-08-28T00:00,24.6,19.9,26,58
2026-08-28T01:00,24.9,19.7,27,58
2026-08-28T02:00,25.9,20.0,27,59
2026-08-28T03:00,27.3,20.5,28,60
2026-08-28T04:00,28.7,21.4,29,60
2026-08-28T05:00,30.6,22.3,30,61
2026-08-28T06:00,33.2,23.8,31,62
2026-08-28T07:00,31.0,24.7,31,63
2026-08-28T08:00,34.5,25.4,32,63
2026-08-28T09:00,35.2,20.1,33,64
2026-08-28T10:00,25.4,13.2,36,65
2026-08-28T11:00,19.6,11.1,41,65
2026-08-28T12:00,18.3,11.2,44,65
2026-08-28T13:00,18.2,11.8,47,65
2026-08-28T14:00,17.3,11.9,50,65
2026-08-28T15:00,16.9,12.0,52,65
2026-08-28T16:00,16.9,12.2,51,66
2026-08-28T17:00,15.9,12.4,43,66
2026-08-28T18:00,12.0,10.1,35,66
2026-08-28T19:00,11.1,9.6,35,66
2026-08-28T20:00,11.6,10.4,34,66
2026-08-28T21:00,13.3,12.2,34,65
2026-08-28T22:00,14.6,13.2,33,64
2026-08-28T23:00,15.9,14.1,32,64
2026-08-29T00:00,18.0,15.6,32,63
2026-08-29T01:00,21.0,17.4,32,63
2026-08-29T02:00,24.0,18.9,31,63
2026-08-29T03:00,27.1,20.3,31,63
2026-08-29T04:00,30.3,21.5,31,63
2026-08-29T05:00,33.4,22.7,31,63
2026-08-29T06:00,36.9,24.1,31,63
2026-08-29T07:00,39.0,25.3,31,63
2026-08-29T08:00,40.0,24.8,31,63
2026-08-29T09:00,31.0,14.6,32,63
2026-08-29T10:00,23.5,11.3,41,62
2026-08-29T11:00,20.2,10.5,50,62
2026-08-29T12:00,19.6,11.5,55,62
2026-08-29T13:00,20.3,13.0,58,62
2026-08-29T14:00,21.2,14.1,60,62
2026-08-29T15:00,21.1,14.3,61,62
2026-08-29T16:00,20.2,14.0,60,62
2026-08-29T17:00,15.5,11.4,51,67
2026-08-29T18:00,9.6,7.5,38,75
2026-08-29T19:00,8.8,7.2,31,73
2026-08-29T20:00,9.1,8.1,31,65
2026-08-29T21:00,10.7,9.7,31,62
2026-08-29T22:00,12.3,11.1,30,62
2026-08-29T23:00,14.2,12.2,30,62
2026-08-30T00:00,16.2,13.4,30,61
2026-08-30T01:00,18.6,15.0,30,61
2026-08-30T02:00,21.4,16.5,30,61
2026-08-30T03:00,25.0,18.0,30,61
2026-08-30T04:00,27.8,19.4,29,61
2026-08-30T05:00,31.1,20.7,29,61
2026-08-30T06:00,33.5,21.8,29,60
2026-08-30T07:00,33.1,22.8,29,60
2026-08-30T08:00,35.9,20.0,29,60
2026-08-30T09:00,24.5,11.1,30,60
2026-08-30T10:00,17.2,8.2,39,59
2026-08-30T11:00,13.9,7.5,45,59
2026-08-30T12:00,12.2,7.7,47,59
2026-08-30T13:00,11.3,8.1,47,59
2026-08-30T14:00,10.9,8.5,48,58
2026-08-30T15:00,9.4,7.8,48,58
2026-08-30T16:00,8.2,6.7,46,57
2026-08-30T17:00,7.7,5.2,41,57
2026-08-30T18:00,7.5,4.1,37,56
2026-08-30T19:00,7.4,3.2,34,56
2026-08-30T20:00,7.2,2.7,31,56
2026-08-30T21:00,7.3,2.7,28,55
2026-08-30T22:00,9.9,4.9,26,55
2026-08-30T23:00,14.0,8.3,22,54
2026-08-31T00:00,17.3,11.2,22,54
2026-08-31T01:00,19.9,13.4,22,54
2026-08-31T02:00,21.8,15.1,22,53
2026-08-31T03:00,23.3,16.5,22,53
2026-08-31T04:00,24.7,17.7,21,53
2026-08-31T05:00,26.5,18.9,21,53
2026-08-31T06:00,29.9,20.2,21,53
2026-08-31T07:00,31.1,21.5,21,53
2026-08-31T08:00,28.8,14.1,21,53
2026-08-31T09:00,20.0,8.2,29,52
2026-08-31T10:00,15.5,7.0,38,52
2026-08-31T11:00,13.5,7.2,43,52
2026-08-31T12:00,13.4,8.2,47,52
2026-08-31T13:00,13.0,8.9,49,52
2026-08-31T14:00,13.2,9.8,52,52
2026-08-31T15:00,12.8,10.0,53,52
2026-08-31T16:00,11.8,9.5,51,52
2026-08-31T17:00,11.0,9.0,43,53
2026-08-31T18:00,12.3,10.9,35,54
2026-08-31T19:00,12.9,11.7,29,53
2026-08-31T20:00,12.7,11.4,24,54
2026-08-31T21:00,12.8,11.4,23,55
2026-08-31T22:00,13.4,11.5,24,55
2026-08-31T23:00,14.6,12.3,24,56
2026-09-01T00:00,16.4,13.5,25,56
2026-09-01T01:00,18.5,14.9,25,56
2026-09-01T02:00,20.5,16.4,25,57
2026-09-01T03:00,22.3,17.6,25,57
2026-09-01T04:00,24.0,18.9,25,57
2026-09-01T05:00,25.5,20.0,25,57
2026-09-01T06:00,26.8,21.0,25,57
2026-09-01T07:00,27.0,21.9,25,57
2026-09-01T08:00,26.8,20.1,25,57
2026-09-01T09:00,16.9,12.4,31,57
2026-09-01T10:00,13.3,9.6,41,58
2026-09-01T11:00,14.2,9.8,52,58
2026-09-01T12:00,16.1,11.3,59,58
2026-09-01T13:00,17.2,12.7,61,58
2026-09-01T14:00,18.1,13.9,60,59
2026-09-01T15:00,17.9,14.4,56,59
2026-09-01T16:00,14.2,12.3,47,59
2026-09-01T17:00,6.8,6.1,34,63
2026-09-01T18:00,2.4,2.2,28,65
2026-09-01T19:00,3.7,3.5,27,59
2026-09-01T20:00,NaN,NaN,27,58
2026-09-01T21:00,NaN,NaN,NaN,NaN
2026-09-01T22:00,NaN,NaN,NaN,NaN
2026-09-01T23:00,NaN,NaN,NaN,NaN
